{"type":"FeatureCollection","name":"lagoa_dos_patos_water_mask","features":[{"type":"Feature","properties":{"name":"Lagoa dos Patos","source":"OpenStreetMap contributors","osm_type":"relation","osm_id":2709093,"source_url":"https://www.openstreetmap.org/relation/2709093","retrieved":"2026-08-17","license":"ODbL 1.0"},"bbox":[-52.2568207,-32.1891477,-50.6791136,-30.3187199],"geometry":{"type":"Polygon","coordinates":[[[-52.2568207,-31.8500601],[-52.256649,-31.8538512],[-52.2559624,-31.8583711],[-52.2547607,-31.8646404],[-52.2530441,-31.8693056],[-52.2508125,-31.8730959],[-52.2478943,-31.878198],[-52.2451477,-31.8787811],[-52.2417145,-31.8824252],[-52.234848,-31.8930654],[-52.2317581,-31.8946686],[-52.2290545,-31.8968547],[-52.2288399,-31.8926281],[-52.2279816,-31.8886929],[-52.2288399,-31.8869438],[-52.2278099,-31.8840286],[-52.2329597,-31.8830083],[-52.2357063,-31.881988],[-52.2374229,-31.8806761],[-52.2367363,-31.8780522],[-52.233995,-31.8753418],[-52.2336857,-31.8752367],[-52.2330286,-31.8748631],[-52.2327013,-31.874772],[-52.2325163,-31.8745921],[-52.2324573,-31.8746251],[-52.23235,-31.8744998],[-52.2317733,-31.8741616],[-52.2315829,-31.8741331],[-52.2315158,-31.8740636],[-52.2312073,-31.8739828],[-52.2311483,-31.8738962],[-52.2307822,-31.8737789],[-52.2307259,-31.8738119],[-52.2304496,-31.8736559],[-52.2301331,-31.8736354],[-52.2300272,-31.8735432],[-52.229877,-31.8735329],[-52.2297394,-31.8733883],[-52.2292775,-31.8731787],[-52.229071,-31.8731673],[-52.2287317,-31.873066],[-52.2286562,-31.8730003],[-52.2283602,-31.8731047],[-52.2281523,-31.8730386],[-52.2278734,-31.8727664],[-52.2276092,-31.8726434],[-52.2275233,-31.8725421],[-52.2270446,-31.8723223],[-52.2266865,-31.8720614],[-52.226437,-31.871992],[-52.2263378,-31.8719066],[-52.2260562,-31.8718713],[-52.2260213,-31.8719202],[-52.2258845,-31.8718348],[-52.2253212,-31.8716947],[-52.2251791,-31.8715922],[-52.225104,-31.8716287],[-52.2246225,-31.871492],[-52.2241366,-31.8714229],[-52.2240432,-31.8715649],[-52.2236489,-31.8713895],[-52.2235711,-31.8716047],[-52.2229783,-31.8714738],[-52.2229676,-31.8716435],[-52.2227021,-31.8716423],[-52.2226954,-31.8717733],[-52.2224352,-31.8717517],[-52.2224084,-31.871853],[-52.2220758,-31.8718416],[-52.2221603,-31.872017],[-52.2220704,-31.8720979],[-52.2217901,-31.8721696],[-52.2214669,-31.8720034],[-52.2213596,-31.8721628],[-52.221091,-31.8721563],[-52.2210686,-31.8722368],[-52.2211906,-31.8724031],[-52.2210793,-31.8724999],[-52.2209922,-31.8725569],[-52.2206947,-31.8725102],[-52.2207427,-31.8726673],[-52.2204785,-31.8726935],[-52.2205308,-31.8728063],[-52.220221,-31.8728348],[-52.2202559,-31.8730158],[-52.2200394,-31.8730155],[-52.2200426,-31.8732994],[-52.2202653,-31.8733404],[-52.2201204,-31.8736047],[-52.2199622,-31.8736217],[-52.2199287,-31.8738074],[-52.2197986,-31.8738746],[-52.2195867,-31.8737425],[-52.2195813,-31.8738712],[-52.2192581,-31.8738438],[-52.2192997,-31.8740386],[-52.219086,-31.874048],[-52.2190449,-31.8742561],[-52.219124,-31.8743666],[-52.2190261,-31.8745989],[-52.2191495,-31.874649],[-52.2192326,-31.8748517],[-52.2190194,-31.874903],[-52.2188933,-31.8748221],[-52.2186948,-31.874846],[-52.2186439,-31.8749463],[-52.218385,-31.8749132],[-52.218385,-31.8750385],[-52.2182483,-31.8750681],[-52.2183622,-31.8753312],[-52.2182456,-31.8753631],[-52.2182161,-31.8754337],[-52.2181074,-31.875436],[-52.218212,-31.8757298],[-52.2180967,-31.8758027],[-52.2179009,-31.8758084],[-52.2176729,-31.8759411],[-52.2179586,-31.8762263],[-52.2178808,-31.8763732],[-52.2177333,-31.8763482],[-52.2177869,-31.8765429],[-52.2176649,-31.8766671],[-52.217508,-31.8766443],[-52.2175965,-31.8767821],[-52.2174288,-31.8767775],[-52.2174892,-31.8770087],[-52.2173457,-31.8769928],[-52.2172652,-31.8769096],[-52.2171378,-31.8768834],[-52.2170936,-31.876962],[-52.2171915,-31.8772843],[-52.2169112,-31.8771089],[-52.2169031,-31.8772695],[-52.2167717,-31.8772968],[-52.2166336,-31.8772456],[-52.2165303,-31.8774005],[-52.2165947,-31.8775565],[-52.2164659,-31.8776294],[-52.2165638,-31.8777854],[-52.2164807,-31.8778458],[-52.2163264,-31.8777638],[-52.216305,-31.8778947],[-52.2161158,-31.8778985],[-52.2160167,-31.8780223],[-52.2161749,-31.8783264],[-52.2160971,-31.8783901],[-52.2159992,-31.8783115],[-52.2158289,-31.8784778],[-52.215739,-31.878496],[-52.2157216,-31.8786133],[-52.2155795,-31.8786156],[-52.2156036,-31.8787124],[-52.2154923,-31.8787147],[-52.2154132,-31.8788104],[-52.2153124,-31.8787037],[-52.2153313,-31.8788639],[-52.2151557,-31.8790461],[-52.2149357,-31.8791087],[-52.2150685,-31.8792898],[-52.214933,-31.8795346],[-52.2147185,-31.879603],[-52.2145548,-31.8795312],[-52.2144757,-31.8795916],[-52.2145347,-31.8797032],[-52.214461,-31.8797795],[-52.2142692,-31.8797191],[-52.214118,-31.8798037],[-52.2142223,-31.879956],[-52.2140707,-31.8800175],[-52.2139943,-31.8801986],[-52.2138763,-31.8801735],[-52.2137515,-31.8802749],[-52.2137864,-31.8804628],[-52.2136308,-31.8806188],[-52.2135986,-31.8807611],[-52.2134042,-31.8807976],[-52.2131923,-31.8807304],[-52.2131293,-31.8808124],[-52.2131521,-31.8809137],[-52.2130018,-31.8809923],[-52.2129227,-31.8810937],[-52.2128409,-31.8810766],[-52.212739,-31.881228],[-52.2126706,-31.8811893],[-52.208101,-31.886297],[-52.1984558,-31.8945228],[-52.1903877,-31.9002067],[-52.1835213,-31.9041414],[-52.1732216,-31.9085132],[-52.1558838,-31.9137591],[-52.1485023,-31.914779],[-52.1412926,-31.9174018],[-52.1361427,-31.9191503],[-52.1330528,-31.9225015],[-52.1321945,-31.9245413],[-52.1282463,-31.9281836],[-52.1274014,-31.932841],[-52.1272476,-31.9329056],[-52.1267729,-31.9325323],[-52.126793,-31.9328145],[-52.1266575,-31.9328828],[-52.1264523,-31.9327827],[-52.1262257,-31.9328043],[-52.1260071,-31.9327018],[-52.1258006,-31.9326939],[-52.1256718,-31.9326131],[-52.1253969,-31.932596],[-52.1253566,-31.9327075],[-52.1250509,-31.9326962],[-52.1250549,-31.9327861],[-52.1249302,-31.932917],[-52.124784,-31.9329409],[-52.1246794,-31.9328657],[-52.1245753,-31.9328724],[-52.1246418,-31.9330217],[-52.1245748,-31.9331765],[-52.1244594,-31.9332299],[-52.124342,-31.9332053],[-52.1243441,-31.9333403],[-52.1241362,-31.933354],[-52.1239592,-31.9332925],[-52.1238962,-31.9334815],[-52.1237473,-31.933486],[-52.1234925,-31.9333882],[-52.1233772,-31.933428],[-52.1231729,-31.9333964],[-52.1231867,-31.9337353],[-52.1231049,-31.9337694],[-52.122889,-31.9336772],[-52.1227348,-31.9339606],[-52.122936,-31.9343874],[-52.1225967,-31.934392],[-52.1225537,-31.9346629],[-52.122362,-31.9347061],[-52.1222641,-31.9346572],[-52.1222708,-31.9348416],[-52.1222185,-31.934895],[-52.1216274,-31.9348989],[-52.121491,-31.935005],[-52.121556,-31.935224],[-52.1214487,-31.9352809],[-52.1213897,-31.9352661],[-52.1213079,-31.935356],[-52.1211617,-31.9353503],[-52.1210597,-31.93543],[-52.1209198,-31.9354497],[-52.1208988,-31.9356041],[-52.1207634,-31.9357384],[-52.120758,-31.9358636],[-52.1205059,-31.9361322],[-52.1203476,-31.9362164],[-52.1201286,-31.9362373],[-52.1199305,-31.9365601],[-52.1198246,-31.9366102],[-52.119787,-31.9368094],[-52.1196181,-31.9368344],[-52.119716,-31.9369812],[-52.1194933,-31.9371849],[-52.1194612,-31.9372839],[-52.1193726,-31.9372987],[-52.119313,-31.9374074],[-52.1190432,-31.9374586],[-52.1190414,-31.9375514],[-52.1189421,-31.9377221],[-52.1187557,-31.9378371],[-52.1186766,-31.9379566],[-52.1184379,-31.9379622],[-52.1183628,-31.9381125],[-52.1181791,-31.9382069],[-52.1181268,-31.9383207],[-52.1179524,-31.9384198],[-52.1179122,-31.9386599],[-52.1177781,-31.9387908],[-52.1176694,-31.9387805],[-52.1174785,-31.9389152],[-52.1174093,-31.9390673],[-52.1171974,-31.9392631],[-52.1172255,-31.9393894],[-52.1170981,-31.9394645],[-52.1169882,-31.9396273],[-52.1168795,-31.9396625],[-52.1166408,-31.9399994],[-52.1164785,-31.9405343],[-52.1165362,-31.9408655],[-52.116382,-31.9409759],[-52.1163605,-31.9410794],[-52.1162385,-31.9410965],[-52.1162117,-31.9411955],[-52.1160963,-31.9412444],[-52.1158576,-31.9412035],[-52.1157476,-31.9413173],[-52.1156229,-31.9413594],[-52.1154714,-31.9413332],[-52.1153988,-31.9412717],[-52.1149859,-31.9418248],[-52.1149296,-31.9418442],[-52.1147686,-31.9417554],[-52.1146984,-31.9417821],[-52.1147633,-31.9418522],[-52.1148585,-31.9418692],[-52.1148699,-31.9419269],[-52.1146942,-31.9423603],[-52.1146426,-31.9423779],[-52.1145011,-31.9427273],[-52.1144115,-31.9428198],[-52.1143562,-31.9433151],[-52.1142349,-31.9435],[-52.1142335,-31.9435894],[-52.1141698,-31.9436377],[-52.1141792,-31.9436906],[-52.1141115,-31.9437134],[-52.1140189,-31.9438796],[-52.1137849,-31.9441151],[-52.1136877,-31.9444491],[-52.1135522,-31.9447097],[-52.1130956,-31.9452774],[-52.1130822,-31.9454346],[-52.1131338,-31.9455257],[-52.113054,-31.9456861],[-52.1130782,-31.9457738],[-52.1130024,-31.9458102],[-52.1129709,-31.9459234],[-52.1128388,-31.9460264],[-52.1129481,-31.9462415],[-52.1128971,-31.9464162],[-52.1127952,-31.9466039],[-52.1124628,-31.946911],[-52.1125652,-31.9473499],[-52.1124378,-31.9474523],[-52.1123633,-31.9475884],[-52.1123325,-31.947846],[-52.1122466,-31.9479817],[-52.1123721,-31.9482523],[-52.1123171,-31.9483058],[-52.1123808,-31.9484326],[-52.112297,-31.9486642],[-52.112368,-31.9487507],[-52.1123828,-31.9489123],[-52.1126054,-31.949075],[-52.1124177,-31.9491729],[-52.1124901,-31.9492981],[-52.1123908,-31.9493675],[-52.1123895,-31.9495422],[-52.1122581,-31.9495962],[-52.1121363,-31.9497592],[-52.1121635,-31.9501817],[-52.1122735,-31.9505435],[-52.112413,-31.9506204],[-52.1124646,-31.9508832],[-52.1124277,-31.9512098],[-52.112586,-31.951339],[-52.1127811,-31.9517685],[-52.1127255,-31.9520092],[-52.1127643,-31.9525127],[-52.1128294,-31.9526567],[-52.1129134,-31.9527606],[-52.112881,-31.9526743],[-52.1129434,-31.9525998],[-52.1129923,-31.952045],[-52.1129434,-31.9517731],[-52.1129682,-31.9516559],[-52.1133108,-31.9508599],[-52.1133712,-31.9507905],[-52.1137554,-31.9506898],[-52.1137273,-31.950428],[-52.1137883,-31.9503216],[-52.1138681,-31.950316],[-52.1138332,-31.9501219],[-52.1139184,-31.9500639],[-52.113911,-31.9499012],[-52.1140132,-31.9496312],[-52.1138319,-31.9494096],[-52.1136508,-31.9492946],[-52.1135663,-31.9491149],[-52.1133524,-31.9490272],[-52.1133021,-31.9488258],[-52.1130071,-31.9486255],[-52.1127885,-31.9484105],[-52.1126973,-31.9482449],[-52.1128073,-31.9480941],[-52.1127925,-31.9479974],[-52.1128732,-31.9478544],[-52.1127845,-31.947784],[-52.1128254,-31.9475337],[-52.1127402,-31.9473038],[-52.1127744,-31.9472298],[-52.1129541,-31.9471376],[-52.1130352,-31.9469408],[-52.1131191,-31.9469482],[-52.1131311,-31.9468799],[-52.1132901,-31.9468258],[-52.113966,-31.9462972],[-52.1142778,-31.9461607],[-52.1144085,-31.9460167],[-52.1144307,-31.9458176],[-52.1148813,-31.9455183],[-52.1149892,-31.945384],[-52.1154412,-31.945153],[-52.1158294,-31.945054],[-52.1164745,-31.9450375],[-52.1168245,-31.945347],[-52.1169931,-31.9456364],[-52.1172282,-31.9458028],[-52.1173476,-31.9456497],[-52.1175373,-31.9455615],[-52.117471,-31.9457203],[-52.1174951,-31.9459041],[-52.1176305,-31.9458221],[-52.117717,-31.9458432],[-52.1177901,-31.9458085],[-52.1180014,-31.9458836],[-52.1183058,-31.9458995],[-52.1186759,-31.9454324],[-52.1189176,-31.9453872],[-52.1189877,-31.945079],[-52.1191621,-31.9450523],[-52.1193586,-31.9451558],[-52.1196174,-31.9451393],[-52.1197213,-31.945289],[-52.1198675,-31.9448975],[-52.120184,-31.9447609],[-52.1201907,-31.9443723],[-52.1202779,-31.9441419],[-52.1202356,-31.9440685],[-52.1202618,-31.9437749],[-52.120473,-31.9435222],[-52.120929,-31.9433344],[-52.1213407,-31.9433589],[-52.1214643,-31.9438623],[-52.1304779,-31.9487237],[-52.1359711,-31.9501803],[-52.1407776,-31.9509086],[-52.1445541,-31.9497433],[-52.1454124,-31.9471215],[-52.1440392,-31.9421689],[-52.1411209,-31.9407122],[-52.1411209,-31.936779],[-52.1423225,-31.9341567],[-52.1436958,-31.9322629],[-52.1448975,-31.9280379],[-52.1485023,-31.9268724],[-52.1526222,-31.9278922],[-52.1548538,-31.9316801],[-52.1550255,-31.9345938],[-52.1539955,-31.9380901],[-52.1529655,-31.9408578],[-52.1514206,-31.9436255],[-52.1493607,-31.9450822],[-52.1483307,-31.9471215],[-52.1495323,-31.9495977],[-52.1541672,-31.9497433],[-52.1577721,-31.9481411],[-52.161377,-31.9453735],[-52.1641235,-31.9431885],[-52.1670418,-31.9430429],[-52.1677284,-31.9456649],[-52.1682434,-31.9474128],[-52.171505,-31.9478498],[-52.1727066,-31.949889],[-52.1733932,-31.9519282],[-52.1756248,-31.9523651],[-52.1778564,-31.9507629],[-52.1842079,-31.949452],[-52.1854095,-31.9509086],[-52.1855812,-31.9526564],[-52.1873382,-31.9555807],[-52.1880632,-31.9560601],[-52.1886048,-31.9565081],[-52.1886117,-31.9567355],[-52.1886206,-31.9570301],[-52.1887779,-31.9576436],[-52.1888177,-31.9577663],[-52.1885964,-31.9578687],[-52.1884798,-31.958028],[-52.18841,-31.9580371],[-52.1881285,-31.9584304],[-52.188213,-31.9584873],[-52.1883617,-31.9589826],[-52.1883564,-31.959349],[-52.1881211,-31.9597988],[-52.1881163,-31.9599999],[-52.1880358,-31.9602274],[-52.1878561,-31.9604629],[-52.1877703,-31.9604459],[-52.1877891,-31.9605449],[-52.1876683,-31.9606744],[-52.1876644,-31.9607929],[-52.1875758,-31.9608873],[-52.1875745,-31.9609693],[-52.1874812,-31.9610413],[-52.1875852,-31.9611911],[-52.1874256,-31.9613186],[-52.1874672,-31.961388],[-52.1874042,-31.9614415],[-52.187431,-31.961545],[-52.1873854,-31.9615757],[-52.1873777,-31.9617116],[-52.1875844,-31.9621976],[-52.1877502,-31.9627662],[-52.1885054,-31.9632647],[-52.1889148,-31.9633571],[-52.1893153,-31.9633097],[-52.1896842,-31.9634683],[-52.1899418,-31.963378],[-52.1906391,-31.9633466],[-52.1908716,-31.9633086],[-52.1908978,-31.9632562],[-52.1912364,-31.9632068],[-52.1914976,-31.9632756],[-52.1914925,-31.963176],[-52.1917708,-31.963077],[-52.1919935,-31.9631124],[-52.1927228,-31.9630453],[-52.1927914,-31.9629524],[-52.1930961,-31.9629036],[-52.193157,-31.9629549],[-52.1932286,-31.9628603],[-52.1934164,-31.9628239],[-52.193639,-31.9626077],[-52.1939005,-31.9625004],[-52.1939194,-31.9623785],[-52.194552,-31.9621869],[-52.1947078,-31.9622834],[-52.1948267,-31.9624507],[-52.1953736,-31.962669],[-52.1966039,-31.9627304],[-52.1971427,-31.9625257],[-52.1974088,-31.9625815],[-52.19818,-31.9629692],[-52.1987453,-31.9628628],[-52.1990137,-31.962901],[-52.1993809,-31.963084],[-52.2000468,-31.9627215],[-52.2001474,-31.962759],[-52.2002535,-31.9627156],[-52.2004692,-31.9628782],[-52.2008193,-31.9626896],[-52.2009534,-31.9627226],[-52.2010254,-31.9627884],[-52.2013701,-31.9625194],[-52.2018309,-31.9624848],[-52.202041,-31.9625189],[-52.2023724,-31.9627475],[-52.2027476,-31.96286],[-52.2031095,-31.9627986],[-52.2035116,-31.9629214],[-52.2038413,-31.9632011],[-52.2041468,-31.9638083],[-52.2044604,-31.9638424],[-52.2052335,-31.9641854],[-52.2054415,-31.9647089],[-52.2057471,-31.9647839],[-52.2061492,-31.9650841],[-52.2067728,-31.9654438],[-52.2070659,-31.9658004],[-52.2072348,-31.9655548],[-52.2071141,-31.9655071],[-52.2070981,-31.965432],[-52.2076529,-31.9653365],[-52.2079424,-31.9652205],[-52.208055,-31.9653229],[-52.2080952,-31.9651046],[-52.2085938,-31.9647839],[-52.2092693,-31.9639857],[-52.2095547,-31.9639712],[-52.2098322,-31.963631],[-52.2102423,-31.9634604],[-52.2103951,-31.9635286],[-52.2109982,-31.9629351],[-52.2109741,-31.9626895],[-52.2112153,-31.9626281],[-52.2115128,-31.9622528],[-52.2117755,-31.9617908],[-52.212132,-31.9613045],[-52.2124215,-31.9609429],[-52.2124778,-31.9606973],[-52.2127191,-31.9603016],[-52.2128638,-31.9602539],[-52.2128879,-31.960404],[-52.2130488,-31.9605268],[-52.2134893,-31.960123],[-52.2134428,-31.9597558],[-52.2135715,-31.9595648],[-52.2137645,-31.9596125],[-52.2140218,-31.9598172],[-52.2146812,-31.9600151],[-52.2151472,-31.9599707],[-52.2154371,-31.9601311],[-52.2157507,-31.9601106],[-52.2164182,-31.9602948],[-52.2168846,-31.9601583],[-52.2172706,-31.9598036],[-52.2177171,-31.9596662],[-52.218324,-31.9591827],[-52.2186778,-31.9590667],[-52.2187663,-31.9591895],[-52.218911,-31.9592851],[-52.2190477,-31.9592509],[-52.2191925,-31.9593396],[-52.2192488,-31.959442],[-52.2193613,-31.9594488],[-52.2194176,-31.9593192],[-52.2195945,-31.9593465],[-52.2196347,-31.9594556],[-52.2198197,-31.9595511],[-52.2197312,-31.9597012],[-52.2197875,-31.9599264],[-52.2196187,-31.9600424],[-52.2195624,-31.9602743],[-52.2195865,-31.9608133],[-52.2195463,-31.9611817],[-52.2199403,-31.9616388],[-52.2199484,-31.9619254],[-52.2200207,-31.9622801],[-52.2199645,-31.962669],[-52.2201333,-31.9630783],[-52.2201816,-31.963474],[-52.2204925,-31.9642806],[-52.2206962,-31.9647566],[-52.221034,-31.9652956],[-52.2214843,-31.9655207],[-52.2215808,-31.9657117],[-52.2215647,-31.9659641],[-52.2215567,-31.9662575],[-52.2217979,-31.9665986],[-52.2216612,-31.9669738],[-52.2219748,-31.9673831],[-52.2218462,-31.9674309],[-52.2219105,-31.9676355],[-52.2217588,-31.9678348],[-52.2218622,-31.9681335],[-52.2222241,-31.9683518],[-52.2223528,-31.9686384],[-52.2222482,-31.9689112],[-52.2223367,-31.9694775],[-52.2227146,-31.9698458],[-52.2226503,-31.9700573],[-52.2227468,-31.9704734],[-52.2230041,-31.9706031],[-52.2230443,-31.9708623],[-52.2230541,-31.9711115],[-52.2232615,-31.9713193],[-52.2233499,-31.9714831],[-52.2233419,-31.9717696],[-52.2237359,-31.9721175],[-52.22376,-31.9722675],[-52.2240737,-31.9725541],[-52.2243229,-31.9726496],[-52.2246124,-31.9726018],[-52.2247974,-31.9726223],[-52.2248939,-31.9728542],[-52.2252053,-31.972941],[-52.2255613,-31.9731953],[-52.2259554,-31.9732021],[-52.2261886,-31.9730043],[-52.2264218,-31.9735023],[-52.2266389,-31.9737205],[-52.2268882,-31.9737956],[-52.2275556,-31.9740616],[-52.2279899,-31.9743345],[-52.2279899,-31.9747438],[-52.2282633,-31.9749552],[-52.228714,-31.9751279],[-52.2290674,-31.9753782],[-52.2292122,-31.9755214],[-52.2295499,-31.9755692],[-52.2296464,-31.9756783],[-52.2297509,-31.9758625],[-52.229952,-31.9760194],[-52.2299198,-31.9764355],[-52.2298153,-31.9768379],[-52.2295853,-31.9773279],[-52.2297027,-31.9775473],[-52.2299439,-31.977636],[-52.2300163,-31.9777656],[-52.2298314,-31.9780453],[-52.2297429,-31.9782977],[-52.2303621,-31.9786319],[-52.230531,-31.9786728],[-52.2305873,-31.9785637],[-52.2306275,-31.9783864],[-52.2310778,-31.9788638],[-52.2317292,-31.9791776],[-52.2318819,-31.9795187],[-52.2325333,-31.9799893],[-52.2327504,-31.9802553],[-52.2333375,-31.9805623],[-52.2335224,-31.9807533],[-52.2337958,-31.9807396],[-52.234214,-31.9811557],[-52.2343089,-31.9814575],[-52.2348573,-31.9816605],[-52.2351146,-31.9816468],[-52.2356052,-31.9819469],[-52.2361439,-31.9820765],[-52.2362485,-31.9824108],[-52.2364736,-31.9825267],[-52.2366425,-31.9828473],[-52.2376879,-31.9831269],[-52.2380075,-31.9833139],[-52.2386207,-31.9837067],[-52.2388459,-31.9841501],[-52.2392399,-31.9844297],[-52.2393927,-31.984648],[-52.2394812,-31.9851732],[-52.2393644,-31.9853499],[-52.2394168,-31.9857529],[-52.2395294,-31.9860121],[-52.2395937,-31.986319],[-52.2394731,-31.9868851],[-52.239441,-31.9874444],[-52.2394249,-31.9877718],[-52.2395616,-31.9879969],[-52.2395696,-31.9881879],[-52.2395535,-31.9883311],[-52.2396018,-31.988447],[-52.239449,-31.9885084],[-52.2393847,-31.9887335],[-52.2394329,-31.9888835],[-52.2392735,-31.9892806],[-52.2395374,-31.989586],[-52.2396822,-31.9899816],[-52.2399395,-31.9901726],[-52.2400601,-31.9903363],[-52.2404944,-31.9905068],[-52.2407517,-31.9907455],[-52.2411699,-31.9910865],[-52.2416225,-31.9915284],[-52.2416765,-31.9918163],[-52.24158,-31.99213],[-52.2418212,-31.9922869],[-52.2418614,-31.9924369],[-52.2418132,-31.9926688],[-52.2416524,-31.9929552],[-52.2419177,-31.9936236],[-52.2416765,-31.9941419],[-52.2412985,-31.994592],[-52.2411136,-31.9949535],[-52.2409125,-31.9952127],[-52.2408321,-31.9955468],[-52.2408804,-31.9962288],[-52.2405128,-31.9967784],[-52.2406954,-31.9971836],[-52.2406391,-31.9976132],[-52.2403336,-31.9977906],[-52.2399074,-31.9984589],[-52.2396661,-31.9990317],[-52.2394168,-31.9993795],[-52.2388941,-31.9998228],[-52.2383966,-32.0006249],[-52.2378005,-32.0008458],[-52.237511,-32.0011935],[-52.2370681,-32.0015689],[-52.23694,-32.0017868],[-52.2370446,-32.001896],[-52.2369642,-32.0020051],[-52.2368355,-32.002046],[-52.2367068,-32.0021824],[-52.2370365,-32.0027893],[-52.236924,-32.0028916],[-52.2372537,-32.0032598],[-52.2375592,-32.0033621],[-52.237503,-32.0034439],[-52.2377844,-32.0036076],[-52.2379054,-32.0038618],[-52.2381382,-32.0040168],[-52.2382669,-32.004235],[-52.2382669,-32.004385],[-52.2381221,-32.0045896],[-52.2378407,-32.0047805],[-52.2375512,-32.0049783],[-52.2376316,-32.0057011],[-52.2374467,-32.0059875],[-52.2370607,-32.0062807],[-52.2369481,-32.006533],[-52.2369159,-32.0069354],[-52.2371652,-32.0075014],[-52.2368832,-32.0079718],[-52.2364817,-32.0082378],[-52.2366103,-32.0087288],[-52.2367068,-32.0091038],[-52.2365862,-32.0092061],[-52.2365701,-32.009472],[-52.2362887,-32.0097243],[-52.2358384,-32.0101607],[-52.2356775,-32.0108767],[-52.2358062,-32.0110404],[-52.2359188,-32.0113677],[-52.2357017,-32.0118177],[-52.2358705,-32.0121518],[-52.2357672,-32.0126636],[-52.2354363,-32.0129905],[-52.2350744,-32.0132769],[-52.2351548,-32.0136246],[-52.2349055,-32.0138837],[-52.2349136,-32.0141701],[-52.2351388,-32.0145929],[-52.2351227,-32.0149133],[-52.2347849,-32.0151929],[-52.2348251,-32.0155202],[-52.2350342,-32.0159497],[-52.2349216,-32.016202],[-52.2347608,-32.0163179],[-52.2344311,-32.0168634],[-52.2347528,-32.0175248],[-52.2347528,-32.0177975],[-52.2345418,-32.0180517],[-52.2345437,-32.0184111],[-52.2347608,-32.0188543],[-52.2345919,-32.0191679],[-52.2350985,-32.019952],[-52.2352594,-32.0205179],[-52.2352192,-32.0206338],[-52.2353559,-32.0211247],[-52.2357177,-32.0214315],[-52.2358625,-32.0217179],[-52.2362404,-32.0221338],[-52.2369159,-32.0224065],[-52.2371402,-32.0227563],[-52.2375914,-32.0228769],[-52.2383393,-32.0229451],[-52.2388137,-32.023211],[-52.2390952,-32.0235178],[-52.2391959,-32.0238643],[-52.2394972,-32.0242132],[-52.2398028,-32.0242337],[-52.2404944,-32.0241382],[-52.2411457,-32.024186],[-52.2412342,-32.0241382],[-52.2415317,-32.0242541],[-52.2421992,-32.0245678],[-52.24236,-32.0247927],[-52.2427782,-32.0249905],[-52.2434697,-32.0254541],[-52.243828,-32.0258903],[-52.2442819,-32.026654],[-52.2443221,-32.0269267],[-52.2447323,-32.0274789],[-52.2452952,-32.0279493],[-52.2455123,-32.0282629],[-52.2457857,-32.0285765],[-52.2457937,-32.0288628],[-52.2459735,-32.0296104],[-52.2461958,-32.0297218],[-52.246614,-32.030199],[-52.2466381,-32.0305467],[-52.2465898,-32.0307035],[-52.2467265,-32.0309489],[-52.2468472,-32.0316307],[-52.247201,-32.031917],[-52.2472251,-32.0321283],[-52.2474824,-32.0323806],[-52.2476352,-32.0329464],[-52.2474101,-32.0337576],[-52.247402,-32.0340099],[-52.2477639,-32.0344802],[-52.247973,-32.0348211],[-52.2481579,-32.0350051],[-52.2482464,-32.0354619],[-52.2484796,-32.0355914],[-52.2489219,-32.0361776],[-52.2492516,-32.0367912],[-52.2491872,-32.0369616],[-52.2490264,-32.0371047],[-52.2490827,-32.0375001],[-52.2489782,-32.0378137],[-52.2490666,-32.0382431],[-52.2494124,-32.038509],[-52.2496456,-32.0391361],[-52.2495732,-32.0392377],[-52.2498306,-32.0397701],[-52.2500798,-32.0401518],[-52.2500316,-32.0406221],[-52.2499029,-32.0409562],[-52.2499833,-32.0413651],[-52.2501522,-32.041706],[-52.2498869,-32.0424012],[-52.2493641,-32.043237],[-52.2495169,-32.0435805],[-52.2496295,-32.0437713],[-52.2498788,-32.0440508],[-52.2504417,-32.0443984],[-52.2511574,-32.0445416],[-52.2514791,-32.0448551],[-52.2515595,-32.045046],[-52.2517673,-32.0453585],[-52.2520178,-32.0455163],[-52.2523154,-32.0457276],[-52.2522993,-32.0460207],[-52.2525647,-32.0461979],[-52.2527416,-32.0472135],[-52.2526129,-32.0479974],[-52.2523556,-32.0485495],[-52.2525405,-32.0491356],[-52.2527274,-32.0496893],[-52.2526531,-32.0499467],[-52.2527175,-32.0501921],[-52.2525727,-32.0505124],[-52.2525486,-32.0510713],[-52.2525486,-32.0514257],[-52.2527496,-32.0519846],[-52.2526933,-32.0521482],[-52.2527094,-32.0524822],[-52.25229,-32.0528286],[-52.251857,-32.0529729],[-52.2514871,-32.0530751],[-52.2511499,-32.0528042],[-52.2504392,-32.0519058],[-52.2499029,-32.0512485],[-52.2495893,-32.0512485],[-52.2492998,-32.0509759],[-52.2491229,-32.0510168],[-52.2489219,-32.0509282],[-52.248772,-32.0508152],[-52.2486887,-32.0507578],[-52.2483027,-32.0505738],[-52.2477961,-32.0505874],[-52.2474824,-32.0505124],[-52.2462501,-32.0495394],[-52.2457616,-32.0488085],[-52.2455123,-32.0485563],[-52.244917,-32.0474635],[-52.2446679,-32.0471454],[-52.2440005,-32.0453663],[-52.2432446,-32.0454345],[-52.2429161,-32.04539],[-52.2426575,-32.0452914],[-52.2421429,-32.0454822],[-52.2417891,-32.0454481],[-52.2411297,-32.0452232],[-52.2406874,-32.0449369],[-52.2399074,-32.0449028],[-52.2395937,-32.0449437],[-52.2391032,-32.0449369],[-52.2385323,-32.0446915],[-52.2381543,-32.0443371],[-52.2379379,-32.044226],[-52.2375673,-32.044303],[-52.2371893,-32.044303],[-52.2366184,-32.0441531],[-52.2363691,-32.0439826],[-52.2354443,-32.0436964],[-52.2347447,-32.0435873],[-52.2345035,-32.0432942],[-52.2343033,-32.0429801],[-52.2338521,-32.042558],[-52.2334259,-32.0420604],[-52.2327906,-32.0416514],[-52.2322599,-32.0411061],[-52.2313592,-32.0398791],[-52.2310495,-32.0392175],[-52.2306355,-32.0387408],[-52.2304264,-32.0387339],[-52.2304506,-32.0384545],[-52.2301289,-32.0379977],[-52.2297912,-32.0371865],[-52.2292636,-32.0366367],[-52.2288583,-32.0362731],[-52.2286412,-32.0361504],[-52.2284161,-32.0359391],[-52.2279416,-32.0359118],[-52.2273722,-32.0357405],[-52.2269445,-32.0358095],[-52.2266308,-32.0357959],[-52.2260519,-32.0359595],[-52.2258589,-32.0358913],[-52.2250949,-32.0358573],[-52.2246848,-32.03568],[-52.2241702,-32.0356118],[-52.2239289,-32.0359254],[-52.2238887,-32.0361436],[-52.2235268,-32.0360345],[-52.2229639,-32.0360549],[-52.2226423,-32.0359731],[-52.2221357,-32.036089],[-52.2218622,-32.0359595],[-52.2214682,-32.0359731],[-52.2212752,-32.0357482],[-52.2210983,-32.0358504],[-52.2206801,-32.03583],[-52.220463,-32.0359254],[-52.2201977,-32.0358095],[-52.2199541,-32.0358502],[-52.2195624,-32.0358641],[-52.2192086,-32.0356868],[-52.2190397,-32.0357277],[-52.2188306,-32.0356868],[-52.218517,-32.0357686],[-52.2184205,-32.0356459],[-52.2177128,-32.0357073],[-52.2163136,-32.0355573],[-52.2161126,-32.0354482],[-52.2159035,-32.0354619],[-52.214914,-32.0352974],[-52.2146249,-32.0351619],[-52.2142309,-32.0351483],[-52.2138851,-32.0350324],[-52.2127995,-32.0351142],[-52.2120838,-32.0354278],[-52.2117219,-32.0357823],[-52.211191,-32.0359109],[-52.2107569,-32.0359595],[-52.2105157,-32.03598],[-52.2100091,-32.0361027],[-52.2099528,-32.0361981],[-52.2098483,-32.0360345],[-52.2094783,-32.0363276],[-52.2092049,-32.0361913],[-52.2089556,-32.036498],[-52.2088591,-32.036723],[-52.2079263,-32.0369002],[-52.2079263,-32.0370298],[-52.2077253,-32.0371661],[-52.207082,-32.0371388],[-52.2064403,-32.0374118],[-52.2062135,-32.037691],[-52.2058034,-32.0378546],[-52.2051922,-32.0379296],[-52.2045811,-32.0382568],[-52.2036241,-32.0384136],[-52.2026931,-32.0388316],[-52.2022634,-32.0387486],[-52.2015507,-32.0375588],[-52.2003648,-32.0354329],[-52.2002723,-32.0354144],[-52.2001907,-32.0354974],[-52.2004028,-32.0359632],[-52.2019152,-32.0388178],[-52.201889,-32.0392786],[-52.2018228,-32.0397019],[-52.2016379,-32.0401041],[-52.2012439,-32.0404176],[-52.2009624,-32.0410243],[-52.2009286,-32.0414702],[-52.2008016,-32.0416719],[-52.200697,-32.0420127],[-52.2005844,-32.0421695],[-52.2005442,-32.0428443],[-52.2006568,-32.0430215],[-52.2006086,-32.0434851],[-52.2003915,-32.0440576],[-52.2002628,-32.0443507],[-52.2001341,-32.0442894],[-52.1999733,-32.0444189],[-52.1999009,-32.044562],[-52.1997487,-32.0446033],[-52.1997964,-32.0447529],[-52.1997321,-32.0449028],[-52.1996195,-32.0448892],[-52.1993541,-32.0451687],[-52.1994265,-32.0453527],[-52.1993943,-32.0456526],[-52.199531,-32.0458298],[-52.1995391,-32.0461093],[-52.1996114,-32.0463002],[-52.1996195,-32.0467705],[-52.1994506,-32.047159],[-52.1991289,-32.0475952],[-52.1987751,-32.0477792],[-52.1987188,-32.0479837],[-52.1984937,-32.0482087],[-52.19855,-32.0484608],[-52.1983241,-32.0491776],[-52.1983891,-32.0493674],[-52.198357,-32.0497695],[-52.1984213,-32.0500898],[-52.1982524,-32.0501921],[-52.1980031,-32.0504852],[-52.1979629,-32.0508873],[-52.1976011,-32.0514257],[-52.1973437,-32.0519778],[-52.1969175,-32.0521482],[-52.1964752,-32.0528161],[-52.1964994,-32.0532864],[-52.1962179,-32.0538521],[-52.195848,-32.054152],[-52.1955987,-32.0547041],[-52.1957193,-32.0550244],[-52.195462,-32.0552629],[-52.1952614,-32.0552859],[-52.1953334,-32.055372],[-52.1949474,-32.0554878],[-52.1949795,-32.0558286],[-52.1951243,-32.0559445],[-52.1950439,-32.0561012],[-52.1946418,-32.0561557],[-52.1941995,-32.0570009],[-52.1942388,-32.0573574],[-52.1939904,-32.0577301],[-52.194111,-32.0580981],[-52.1944005,-32.0583503],[-52.1949631,-32.0590439],[-52.1955344,-32.0591272],[-52.1965396,-32.0591],[-52.1968452,-32.05895],[-52.1971588,-32.0590182],[-52.1978584,-32.0587251],[-52.1979408,-32.05863],[-52.1990726,-32.0585002],[-52.1991933,-32.0583707],[-52.1999331,-32.0583366],[-52.2000939,-32.058398],[-52.2008498,-32.0583435],[-52.2011876,-32.0583503],[-52.2015575,-32.0581254],[-52.2019998,-32.0581595],[-52.2026752,-32.0583571],[-52.2031095,-32.0583094],[-52.2041819,-32.0583231],[-52.2046293,-32.0584593],[-52.2058195,-32.0585684],[-52.2061492,-32.0587387],[-52.2063984,-32.0586638],[-52.2066156,-32.0589159],[-52.2069855,-32.0592908],[-52.2076343,-32.0596075],[-52.2081193,-32.0596043],[-52.2085053,-32.0597065],[-52.2088109,-32.0596861],[-52.2093014,-32.0600404],[-52.2096633,-32.0604425],[-52.2099447,-32.0610014],[-52.2104112,-32.0612194],[-52.2105639,-32.0613421],[-52.2107214,-32.0618739],[-52.2108454,-32.0622349],[-52.2114083,-32.062562],[-52.2117943,-32.062637],[-52.2119873,-32.0627187],[-52.2120436,-32.0629641],[-52.2122687,-32.0631276],[-52.2123652,-32.063373],[-52.2131435,-32.0642403],[-52.2136036,-32.064586],[-52.2137323,-32.0651244],[-52.2139977,-32.0658058],[-52.2144802,-32.0663783],[-52.2144494,-32.0665632],[-52.2142711,-32.066644],[-52.2141665,-32.0670734],[-52.2140298,-32.0671142],[-52.2139012,-32.0675163],[-52.2136599,-32.0680819],[-52.2137082,-32.0681637],[-52.2135243,-32.0683428],[-52.2136197,-32.0685044],[-52.2138127,-32.0687429],[-52.2140137,-32.0687225],[-52.2143032,-32.0689269],[-52.2143917,-32.0691382],[-52.2143676,-32.069329],[-52.2142228,-32.0695334],[-52.2143113,-32.069915],[-52.2145445,-32.0700445],[-52.2145445,-32.0702557],[-52.2144158,-32.0703511],[-52.2141102,-32.0705215],[-52.213861,-32.0706646],[-52.2139021,-32.0714785],[-52.2144112,-32.071934],[-52.2147706,-32.0721535],[-52.215219,-32.0721449],[-52.2158483,-32.0718339],[-52.215841,-32.0717241],[-52.2162785,-32.0715476],[-52.2164223,-32.0712525],[-52.2165526,-32.0710098],[-52.2170043,-32.0707755],[-52.2172189,-32.0707893],[-52.2174281,-32.0707189],[-52.2174034,-32.0705291],[-52.2178138,-32.0702757],[-52.218634,-32.0693715],[-52.2189382,-32.0692069],[-52.2193336,-32.0691483],[-52.2198308,-32.0692092],[-52.2201886,-32.069191],[-52.2209022,-32.0690472],[-52.2214058,-32.0687919],[-52.2216478,-32.0684478],[-52.2219503,-32.0683137],[-52.2224744,-32.0681941],[-52.2229717,-32.0681991],[-52.2230908,-32.0683173],[-52.2236063,-32.0682973],[-52.2241098,-32.068429],[-52.2248171,-32.0682982],[-52.2249742,-32.0680487],[-52.2253707,-32.0681346],[-52.2256718,-32.0682851],[-52.2263642,-32.0681718],[-52.227193,-32.0682859],[-52.2273501,-32.068391],[-52.2274295,-32.0685932],[-52.2283688,-32.0688955],[-52.2286011,-32.0691097],[-52.2288785,-32.0694124],[-52.2293827,-32.0693638],[-52.2301804,-32.0694738],[-52.2309867,-32.0696279],[-52.2321325,-32.0700584],[-52.232344,-32.0704103],[-52.2330021,-32.0706343],[-52.2331062,-32.070953],[-52.2336539,-32.0712153],[-52.2337615,-32.0713491],[-52.2338604,-32.0714721],[-52.2332483,-32.0715426],[-52.2330836,-32.0717444],[-52.2331217,-32.0720008],[-52.23303,-32.0721753],[-52.2321851,-32.0722035],[-52.2318267,-32.0724426],[-52.2315494,-32.0729013],[-52.2316835,-32.0731176],[-52.2312747,-32.0736136],[-52.2313766,-32.0739009],[-52.2315945,-32.0745432],[-52.2319727,-32.0746163],[-52.2321599,-32.074665],[-52.2323138,-32.0751809],[-52.2326433,-32.0752343],[-52.2327344,-32.0749391],[-52.2331754,-32.0746336],[-52.2334264,-32.0744472],[-52.2335852,-32.0742186],[-52.233737,-32.0740881],[-52.2339382,-32.0742091],[-52.2339253,-32.0744509],[-52.2339612,-32.0746304],[-52.2343056,-32.0748136],[-52.2345803,-32.0749973],[-52.2347761,-32.0752409],[-52.2346436,-32.0754732],[-52.2356187,-32.0760832],[-52.2372437,-32.0765409],[-52.2380779,-32.0766827],[-52.2383622,-32.0772736],[-52.2380918,-32.077585],[-52.2385199,-32.0780123],[-52.2388445,-32.0781391],[-52.2388525,-32.0785705],[-52.2386449,-32.0790277],[-52.2392887,-32.0794473],[-52.2395697,-32.0794032],[-52.2397607,-32.0796736],[-52.239655,-32.0802713],[-52.2391781,-32.0805986],[-52.2388694,-32.0806534],[-52.2385848,-32.0808977],[-52.2381337,-32.0811554],[-52.2377442,-32.0812531],[-52.2374115,-32.08118],[-52.23713,-32.0813213],[-52.2369509,-32.0810789],[-52.2367363,-32.0810318],[-52.2362223,-32.0811545],[-52.235981,-32.0810508],[-52.2355926,-32.0813949],[-52.2355266,-32.0817681],[-52.2353544,-32.0821767],[-52.2350749,-32.0826062],[-52.2348051,-32.0828362],[-52.2341045,-32.0831898],[-52.2329651,-32.0834502],[-52.2325799,-32.0835507],[-52.2320811,-32.0834157],[-52.2320875,-32.0828666],[-52.2311605,-32.082423],[-52.2311873,-32.0822753],[-52.2317602,-32.0822549],[-52.2315768,-32.0820849],[-52.2310108,-32.0819103],[-52.2305591,-32.0816458],[-52.230064,-32.0821699],[-52.229703,-32.0827044],[-52.2288017,-32.0830016],[-52.2283678,-32.0835848],[-52.2283388,-32.0837734],[-52.2287384,-32.0839488],[-52.2286977,-32.0841456],[-52.2281746,-32.0846165],[-52.2277198,-32.0846028],[-52.2271077,-32.0850451],[-52.2268384,-32.0848601],[-52.2262311,-32.0846906],[-52.2260337,-32.0843856],[-52.2254318,-32.0844052],[-52.2249587,-32.084277],[-52.2212868,-32.0852497],[-52.2183685,-32.0851043],[-52.215107,-32.0840862],[-52.2127037,-32.0824863],[-52.212532,-32.07885],[-52.2123602,-32.0782679],[-52.2127353,-32.0775941],[-52.2124821,-32.0765405],[-52.2120079,-32.0760895],[-52.2114371,-32.076095],[-52.2108481,-32.0761668],[-52.2105252,-32.0755847],[-52.2107805,-32.0749441],[-52.2102237,-32.0730467],[-52.2086387,-32.0726061],[-52.2082592,-32.0717185],[-52.2078918,-32.0714244],[-52.2073977,-32.0706698],[-52.2067669,-32.070613],[-52.2064767,-32.0707312],[-52.206151,-32.0705348],[-52.2062803,-32.070122],[-52.2058748,-32.0700838],[-52.2053609,-32.0704884],[-52.2051385,-32.0705139],[-52.2045986,-32.0705757],[-52.2041646,-32.0709225],[-52.2042161,-32.0712907],[-52.2045047,-32.0716917],[-52.2050578,-32.0719658],[-52.2054016,-32.072349],[-52.2058726,-32.072974],[-52.206188,-32.0731704],[-52.2065882,-32.0731272],[-52.2069053,-32.073334],[-52.2065609,-32.0735781],[-52.2064777,-32.0741245],[-52.2068253,-32.0744677],[-52.2064659,-32.0749336],[-52.2066961,-32.0753477],[-52.2061022,-32.0752868],[-52.2049676,-32.0751441],[-52.2043003,-32.0753136],[-52.2040498,-32.0755873],[-52.2042628,-32.0759559],[-52.2039919,-32.0759991],[-52.2027773,-32.0754577],[-52.1973597,-32.0717321],[-52.1944381,-32.0697228],[-52.1859259,-32.0639367],[-52.1844845,-32.0635134],[-52.1797447,-32.0621216],[-52.1776848,-32.0590665],[-52.1744232,-32.0573206],[-52.16996,-32.0549928],[-52.1673851,-32.0561568],[-52.1644669,-32.0560113],[-52.1592182,-32.0529352],[-52.1589285,-32.0527192],[-52.1588373,-32.0525601],[-52.158789,-32.0524396],[-52.1587488,-32.0523896],[-52.1585423,-32.0522986],[-52.1553688,-32.0507735],[-52.1505623,-32.0485911],[-52.1486195,-32.047957],[-52.1483807,-32.0480611],[-52.1481897,-32.0479686],[-52.14791,-32.0476564],[-52.1474052,-32.0474771],[-52.146839,-32.0474077],[-52.1466003,-32.0475985],[-52.146,-32.0474598],[-52.1459727,-32.0474077],[-52.1455634,-32.0472921],[-52.1454406,-32.0471649],[-52.1452291,-32.0471244],[-52.1442809,-32.0469798],[-52.1441513,-32.0470261],[-52.1439603,-32.0470088],[-52.1438989,-32.0469336],[-52.1439398,-32.0467486],[-52.1437488,-32.0466445],[-52.1432849,-32.0465173],[-52.1429506,-32.0464941],[-52.1427596,-32.046604],[-52.1418319,-32.0464826],[-52.1417758,-32.0466745],[-52.1416518,-32.0466591],[-52.1409178,-32.0465693],[-52.1400309,-32.0465924],[-52.1393829,-32.0465115],[-52.1392874,-32.0464305],[-52.1390622,-32.0463958],[-52.1387894,-32.0464479],[-52.1384346,-32.0463669],[-52.1381691,-32.046291],[-52.1379571,-32.0463033],[-52.1375069,-32.0460836],[-52.1374046,-32.045835],[-52.1371522,-32.0457251],[-52.1366746,-32.0456384],[-52.1366542,-32.045806],[-52.1357673,-32.0453897],[-52.1351056,-32.0449734],[-52.134452,-32.0445454],[-52.1336185,-32.0439615],[-52.1331829,-32.0435722],[-52.132426,-32.043117],[-52.1318926,-32.0428339],[-52.1315892,-32.0427169],[-52.1303285,-32.0421348],[-52.1289606,-32.0414891],[-52.1284832,-32.0411845],[-52.128172,-32.0410935],[-52.127783,-32.0410607],[-52.1271583,-32.0407522],[-52.1269468,-32.0404631],[-52.1261555,-32.0401103],[-52.1261078,-32.0399947],[-52.125985,-32.0399369],[-52.1258349,-32.0399715],[-52.1250047,-32.0395033],[-52.1248565,-32.0395123],[-52.124444,-32.0391627],[-52.1240831,-32.0389223],[-52.1236706,-32.0387092],[-52.1233935,-32.0387202],[-52.1230068,-32.0384251],[-52.1229423,-32.0382776],[-52.1228457,-32.0382175],[-52.1226459,-32.0382394],[-52.1224461,-32.0381192],[-52.1222656,-32.0380973],[-52.1220336,-32.0379553],[-52.1218531,-32.0377422],[-52.1213311,-32.0374854],[-52.12093,-32.0372016],[-52.1209919,-32.0370757],[-52.1208209,-32.0369934],[-52.120739,-32.0369934],[-52.1204681,-32.0368487],[-52.1202974,-32.036645],[-52.1205061,-32.0362536],[-52.1202847,-32.0361035],[-52.1202278,-32.0359159],[-52.1201203,-32.0358676],[-52.1201086,-32.0357318],[-52.1186848,-32.0350045],[-52.118103,-32.0348061],[-52.1182294,-32.0346614],[-52.118046,-32.0345327],[-52.1178563,-32.034463],[-52.1177804,-32.0346024],[-52.1176476,-32.0346828],[-52.1174642,-32.0346399],[-52.1172998,-32.0344148],[-52.1172745,-32.0342808],[-52.1172049,-32.0341896],[-52.1169204,-32.0340234],[-52.1168741,-32.0337665],[-52.1160856,-32.0334498],[-52.1159718,-32.0332193],[-52.1160477,-32.0331174],[-52.1157188,-32.0328225],[-52.1158896,-32.0325652],[-52.1160856,-32.032399],[-52.1161362,-32.0322167],[-52.116054,-32.0320934],[-52.1158263,-32.0319916],[-52.1159844,-32.0318468],[-52.1155228,-32.0316699],[-52.1154911,-32.0315519],[-52.1151623,-32.0314018],[-52.1149146,-32.0316257],[-52.1146943,-32.0315734],[-52.1147639,-32.031434],[-52.1143528,-32.0313643],[-52.1141188,-32.0309568],[-52.1139281,-32.0307234],[-52.1140274,-32.0305446],[-52.1136675,-32.0303078],[-52.1134068,-32.0303078],[-52.1134875,-32.0301658],[-52.1125753,-32.0296923],[-52.1126728,-32.0294795],[-52.1123209,-32.0291768],[-52.1116942,-32.028919],[-52.1103146,-32.0282844],[-52.1106579,-32.0275354],[-52.1106268,-32.0274512],[-52.1113495,-32.026179],[-52.1108254,-32.026115],[-52.1107882,-32.0259466],[-52.1105772,-32.0257467],[-52.1101056,-32.0255783],[-52.1099504,-32.0252942],[-52.109634,-32.0249681],[-52.1094974,-32.0243893],[-52.1093866,-32.0254065],[-52.1081602,-32.0248522],[-52.1067388,-32.0253976],[-52.1063565,-32.0255477],[-52.1061192,-32.0256611],[-52.1058261,-32.0257916],[-52.1054711,-32.0259323],[-52.1049747,-32.0261411],[-52.1048991,-32.0261809],[-52.1044052,-32.0263805],[-52.101832,-32.0274798],[-52.1016647,-32.0275477],[-52.1013817,-32.0276523],[-52.0977337,-32.0291361],[-52.0975734,-32.0292076],[-52.0971573,-32.029259],[-52.0971398,-32.0292885],[-52.097147,-32.0296389],[-52.0968491,-32.029643],[-52.0968324,-32.0293354],[-52.0957254,-32.029488],[-52.0952264,-32.0295789],[-52.0949899,-32.0295548],[-52.0949179,-32.029271],[-52.0898222,-32.0302168],[-52.0883241,-32.0303737],[-52.0882979,-32.0304591],[-52.0882717,-32.0305445],[-52.0876293,-32.0305481],[-52.0876306,-32.0304815],[-52.0860654,-32.0302549],[-52.0853426,-32.030054],[-52.0847322,-32.0297365],[-52.0844439,-32.029736],[-52.0844322,-32.0298318],[-52.0842161,-32.0297988],[-52.08417,-32.0299559],[-52.0839343,-32.0299076],[-52.0839528,-32.0296026],[-52.0826442,-32.0291828],[-52.0825073,-32.029274],[-52.0824084,-32.0292425],[-52.0822843,-32.0292029],[-52.0820675,-32.0294606],[-52.0819263,-32.0293868],[-52.0820424,-32.0291582],[-52.0821135,-32.0288773],[-52.0819526,-32.029016],[-52.0815918,-32.0295147],[-52.0814359,-32.0294381],[-52.0816256,-32.0290945],[-52.081474,-32.0290278],[-52.081596,-32.0287429],[-52.0812839,-32.0286706],[-52.0812127,-32.0288036],[-52.0810625,-32.0288169],[-52.0808627,-32.0286893],[-52.0808062,-32.0284594],[-52.0805318,-32.0283799],[-52.0802638,-32.0284321],[-52.0799198,-32.0285477],[-52.0799298,-32.028604],[-52.0801615,-32.0285994],[-52.0801826,-32.0287987],[-52.0799549,-32.0290874],[-52.0792444,-32.0292554],[-52.0791618,-32.0293236],[-52.078951,-32.0293956],[-52.0786772,-32.0293875],[-52.0788554,-32.029086],[-52.0790316,-32.0288967],[-52.0792873,-32.0287688],[-52.0795841,-32.028687],[-52.0795571,-32.0286283],[-52.0792175,-32.0287023],[-52.0789538,-32.0288178],[-52.078757,-32.0290559],[-52.0785612,-32.029392],[-52.0782315,-32.0298185],[-52.0778326,-32.0304176],[-52.0779296,-32.0304477],[-52.0778701,-32.0306249],[-52.0777051,-32.0306237],[-52.0775731,-32.030872],[-52.0776882,-32.0309092],[-52.0775702,-32.0311742],[-52.0774417,-32.031131],[-52.0772252,-32.0316195],[-52.0772986,-32.0316687],[-52.0772444,-32.0317982],[-52.0770567,-32.0322467],[-52.0770917,-32.032395],[-52.0770677,-32.0325519],[-52.0769159,-32.0325799],[-52.0768613,-32.0327138],[-52.0769463,-32.0329319],[-52.0770429,-32.0330749],[-52.0774235,-32.033222],[-52.0775485,-32.0332138],[-52.0776572,-32.0332679],[-52.0777595,-32.0333674],[-52.0741752,-32.0441562],[-52.0740696,-32.0441402],[-52.0720944,-32.0502554],[-52.0716801,-32.0512851],[-52.0718792,-32.0513453],[-52.0721178,-32.0507105],[-52.0722695,-32.0507287],[-52.07228,-32.0508393],[-52.0722813,-32.0509708],[-52.0722565,-32.051025],[-52.0722656,-32.051077],[-52.0723713,-32.0510626],[-52.0724222,-32.0511427],[-52.0723574,-32.0513255],[-52.0722662,-32.051324],[-52.0721101,-32.0517551],[-52.0721557,-32.0517863],[-52.0721382,-32.0518369],[-52.0718944,-32.0520152],[-52.0717997,-32.0522932],[-52.071847,-32.0523586],[-52.0720102,-32.0523007],[-52.072175,-32.0522174],[-52.0724866,-32.0513507],[-52.0725113,-32.0514336],[-52.0727024,-32.0516535],[-52.0729096,-32.0516882],[-52.0731644,-32.0516405],[-52.0741086,-32.051271],[-52.0742628,-32.0512608],[-52.0744935,-32.0512813],[-52.0746222,-32.0512654],[-52.0750138,-32.0513222],[-52.0755744,-32.051404],[-52.075789,-32.051354],[-52.0766257,-32.0509172],[-52.0774761,-32.0506834],[-52.0781627,-32.0505515],[-52.0782083,-32.0506857],[-52.0783263,-32.0505833],[-52.0784551,-32.0505697],[-52.0787635,-32.0503901],[-52.0790237,-32.0504788],[-52.0792705,-32.0504674],[-52.0792276,-32.0505515],[-52.0793268,-32.0504833],[-52.0794556,-32.0505106],[-52.0796353,-32.0505038],[-52.079713,-32.0507175],[-52.0801395,-32.0510858],[-52.0801905,-32.0512404],[-52.0803059,-32.0513094],[-52.0804077,-32.0513086],[-52.0805928,-32.0514722],[-52.0806304,-32.051595],[-52.080743,-32.0516609],[-52.080861,-32.0516677],[-52.0809013,-32.0516086],[-52.0812446,-32.0518314],[-52.0813385,-32.0520383],[-52.0813009,-32.0521542],[-52.0815316,-32.0524134],[-52.0815986,-32.0524361],[-52.0817542,-32.0523475],[-52.0817971,-32.0521383],[-52.0810381,-32.0511426],[-52.0802602,-32.0508743],[-52.0803916,-32.0507175],[-52.0803809,-32.0506243],[-52.0797837,-32.050072],[-52.0799908,-32.0500161],[-52.0802833,-32.050071],[-52.0827873,-32.0494894],[-52.0836498,-32.049605],[-52.0841164,-32.0498128],[-52.0839661,-32.0499536],[-52.0840215,-32.0500676],[-52.0842666,-32.0500944],[-52.08467,-32.0504966],[-52.0847886,-32.0507245],[-52.0840689,-32.0516629],[-52.0846779,-32.0510127],[-52.0854778,-32.0518531],[-52.0852351,-32.0533115],[-52.0851088,-32.0546906],[-52.0854194,-32.0548434],[-52.085644,-32.054828],[-52.0858119,-32.0548965],[-52.0860345,-32.0552137],[-52.086107,-32.0554145],[-52.0860187,-32.0554243],[-52.0859385,-32.0554621],[-52.0858854,-32.0555651],[-52.0859508,-32.0556346],[-52.0860602,-32.0556918],[-52.0860431,-32.0558153],[-52.0860588,-32.0559508],[-52.0860584,-32.0560908],[-52.0862316,-32.0562977],[-52.0863388,-32.0563461],[-52.0865521,-32.0563944],[-52.0865682,-32.0564672],[-52.0866712,-32.0565527],[-52.0869161,-32.0567178],[-52.086945,-32.0568115],[-52.0868746,-32.0568913],[-52.0869136,-32.0570212],[-52.0870924,-32.0572781],[-52.087196,-32.0574516],[-52.0872867,-32.0576433],[-52.087353,-32.0576853],[-52.087436,-32.0577902],[-52.087519,-32.057889],[-52.0878932,-32.0580832],[-52.0884466,-32.0579456],[-52.0877975,-32.0551025],[-52.0860195,-32.0517484],[-52.0865944,-32.0515515],[-52.0874079,-32.0512728],[-52.0878484,-32.0510433],[-52.0880849,-32.0505994],[-52.088793,-32.0499265],[-52.0895816,-32.0492036],[-52.0905579,-32.0491399],[-52.0907993,-32.0492991],[-52.0911296,-32.0493902],[-52.0914983,-32.0493679],[-52.09205,-32.0493401],[-52.0921319,-32.0496133],[-52.0921573,-32.0498689],[-52.092219,-32.0498621],[-52.0922566,-32.0498326],[-52.0922903,-32.0496498],[-52.0924894,-32.0495978],[-52.0926444,-32.0494998],[-52.0926497,-32.0491951],[-52.092919,-32.0491819],[-52.0929107,-32.048923],[-52.0932184,-32.0487814],[-52.0932506,-32.0485995],[-52.0934651,-32.0484995],[-52.0934169,-32.0479129],[-52.093551,-32.0476674],[-52.0943413,-32.0476103],[-52.0945854,-32.0475684],[-52.0947633,-32.047581],[-52.0947487,-32.0483419],[-52.0948783,-32.0484738],[-52.095109,-32.0485342],[-52.0953843,-32.0485088],[-52.0954944,-32.0483979],[-52.0955736,-32.0480186],[-52.0957251,-32.0479544],[-52.0958834,-32.0479194],[-52.095997,-32.0479778],[-52.0960246,-32.0481032],[-52.0960865,-32.0481966],[-52.0963091,-32.0481974],[-52.0965229,-32.0481742],[-52.0968184,-32.0480958],[-52.096843,-32.0476226],[-52.0973479,-32.0475252],[-52.0973315,-32.047386],[-52.0981033,-32.0470868],[-52.0986,-32.0468641],[-52.098715,-32.0469372],[-52.0987355,-32.0471738],[-52.0988245,-32.0474237],[-52.0990525,-32.0473782],[-52.0992778,-32.0473896],[-52.0993288,-32.0472572],[-52.0995135,-32.047229],[-52.099543,-32.0470913],[-52.0995504,-32.0468908],[-52.0993211,-32.0467055],[-52.0994062,-32.0465613],[-52.0996022,-32.0465174],[-52.0998279,-32.0465048],[-52.0998612,-32.0463763],[-52.0999796,-32.0462414],[-52.1001494,-32.0461521],[-52.1003966,-32.0458411],[-52.1006039,-32.0458547],[-52.1009018,-32.045917],[-52.1010891,-32.045883],[-52.1012362,-32.0459284],[-52.101283,-32.0458093],[-52.1013231,-32.0456648],[-52.1010356,-32.0455458],[-52.1011192,-32.0454551],[-52.1011058,-32.0453304],[-52.1011225,-32.045166],[-52.1012395,-32.0451631],[-52.10138,-32.0451603],[-52.1014803,-32.0452057],[-52.1016642,-32.0452227],[-52.1017043,-32.0452963],[-52.1016608,-32.0453615],[-52.1015806,-32.0454381],[-52.1015271,-32.0455401],[-52.1015505,-32.045713],[-52.1017617,-32.0458329],[-52.1017549,-32.0459251],[-52.1018025,-32.0460058],[-52.1018365,-32.0461067],[-52.1018739,-32.0462075],[-52.1019623,-32.0462421],[-52.1020711,-32.0462623],[-52.1021357,-32.0463026],[-52.1019997,-32.0465015],[-52.1020371,-32.0466196],[-52.1021798,-32.0466859],[-52.1021187,-32.0468012],[-52.1021866,-32.0468761],[-52.1022002,-32.0470346],[-52.102292,-32.0471787],[-52.1022988,-32.0473602],[-52.102207,-32.047438],[-52.1022206,-32.0475734],[-52.102275,-32.0477175],[-52.1022206,-32.0479625],[-52.1023118,-32.0481725],[-52.1024946,-32.0483878],[-52.1026316,-32.048513],[-52.1027041,-32.0486655],[-52.1029258,-32.0488478],[-52.1032718,-32.0488183],[-52.1034462,-32.0488365],[-52.1036903,-32.048916],[-52.1039021,-32.0487523],[-52.1040792,-32.0487319],[-52.1045217,-32.0489774],[-52.1046424,-32.0488888],[-52.1048463,-32.048791],[-52.1049616,-32.048791],[-52.1050179,-32.0488801],[-52.1051417,-32.0491947],[-52.1053964,-32.0495277],[-52.1058039,-32.0495339],[-52.1059713,-32.0496758],[-52.1062309,-32.0500657],[-52.10688,-32.0503794],[-52.1070662,-32.050584],[-52.1080236,-32.0509318],[-52.1083337,-32.0505386],[-52.1085054,-32.050334],[-52.1087629,-32.0502158],[-52.109074,-32.0501385],[-52.1094174,-32.0501794],[-52.1096856,-32.0503112],[-52.1097285,-32.0504295],[-52.1097553,-32.050575],[-52.1098519,-32.0507295],[-52.1098841,-32.0508841],[-52.1105546,-32.0508432],[-52.1108604,-32.050825],[-52.111193,-32.0509023],[-52.1113483,-32.0511163],[-52.1117921,-32.051061],[-52.1120619,-32.0511643],[-52.1122446,-32.0511643],[-52.1123882,-32.0512749],[-52.1126537,-32.0514593],[-52.1126145,-32.0516105],[-52.1130448,-32.05175],[-52.1131055,-32.0516949],[-52.113599,-32.0516403],[-52.1140496,-32.0517495],[-52.1143607,-32.0515858],[-52.114527,-32.0516722],[-52.1147041,-32.0517586],[-52.1148918,-32.0517358],[-52.1152083,-32.0517722],[-52.1156321,-32.0518813],[-52.1159862,-32.0519586],[-52.1161739,-32.0519041],[-52.1164314,-32.0518995],[-52.1167264,-32.0520677],[-52.1166889,-32.0522496],[-52.1169142,-32.0523496],[-52.117102,-32.0523951],[-52.11722,-32.0522451],[-52.1175403,-32.0523676],[-52.1178944,-32.0524221],[-52.1180392,-32.0522857],[-52.1183182,-32.0522494],[-52.1186669,-32.052413],[-52.1190638,-32.0523267],[-52.1196593,-32.0525676],[-52.1197397,-32.0526586],[-52.1198846,-32.0527222],[-52.1198095,-32.0528859],[-52.1207483,-32.053286],[-52.1208716,-32.0530996],[-52.1212042,-32.0532178],[-52.1214564,-32.053286],[-52.1216841,-32.0533788],[-52.1218978,-32.0535429],[-52.1223251,-32.0537127],[-52.1225455,-32.0539221],[-52.1225789,-32.0541259],[-52.1226724,-32.0542617],[-52.1229037,-32.0543036],[-52.123397,-32.0543974],[-52.1238743,-32.0545579],[-52.1241319,-32.0543652],[-52.1245182,-32.054346],[-52.1247758,-32.0544551],[-52.1253061,-32.0546349],[-52.1254046,-32.0547954],[-52.1256091,-32.0550138],[-52.1260258,-32.0551165],[-52.1260713,-32.0550394],[-52.1265031,-32.0549945],[-52.1268289,-32.0551036],[-52.1270637,-32.0552642],[-52.1269273,-32.0555082],[-52.1271167,-32.0556045],[-52.1272228,-32.0557329],[-52.1276757,-32.0559796],[-52.1278688,-32.0559275],[-52.1289392,-32.0563183],[-52.1295814,-32.0562561],[-52.1315261,-32.056878],[-52.132865,-32.0572841],[-52.1338097,-32.0574691],[-52.1342853,-32.0576242],[-52.1346147,-32.0579188],[-52.1349074,-32.0581824],[-52.1357673,-32.05857],[-52.1358954,-32.0588646],[-52.1370846,-32.0596709],[-52.1372492,-32.0600741],[-52.1380359,-32.0604462],[-52.1390422,-32.0609579],[-52.1396094,-32.0616711],[-52.1398106,-32.0619812],[-52.1399387,-32.0625394],[-52.1407071,-32.0629115],[-52.1411096,-32.0634697],[-52.141767,-32.0642293],[-52.1418977,-32.0644684],[-52.1420675,-32.0647209],[-52.1425342,-32.0648391],[-52.1428293,-32.0652209],[-52.1433389,-32.0657574],[-52.143709,-32.0662438],[-52.1440577,-32.066612],[-52.144178,-32.0668541],[-52.1445061,-32.0668878],[-52.1445631,-32.0671415],[-52.1444919,-32.0674073],[-52.1449338,-32.0676247],[-52.1456323,-32.0686636],[-52.1461597,-32.0691468],[-52.146958,-32.0701374],[-52.1471006,-32.0704877],[-52.1478298,-32.0713795],[-52.148157,-32.0713386],[-52.1482804,-32.0716341],[-52.1482643,-32.0719159],[-52.1480873,-32.0719659],[-52.148036,-32.0721239],[-52.1484115,-32.0726422],[-52.1491411,-32.0733513],[-52.1495595,-32.0741149],[-52.1503586,-32.0755564],[-52.150519,-32.0764139],[-52.1508645,-32.0772191],[-52.1510743,-32.0773132],[-52.1513199,-32.0784632],[-52.1517019,-32.0790062],[-52.1518621,-32.0794552],[-52.1521826,-32.0796014],[-52.1522072,-32.0797998],[-52.1519977,-32.0803637],[-52.1521456,-32.0811051],[-52.1523805,-32.0817115],[-52.1528234,-32.0820554],[-52.1527887,-32.0826574],[-52.1526446,-32.0833896],[-52.1524526,-32.0836948],[-52.1524045,-32.0839999],[-52.1528247,-32.0843965],[-52.1527413,-32.0847579],[-52.1527513,-32.0849438],[-52.1530204,-32.0851296],[-52.1537382,-32.0853069],[-52.1538578,-32.0855603],[-52.1542267,-32.0862782],[-52.1543862,-32.087562],[-52.1543064,-32.0881786],[-52.154117,-32.0882039],[-52.1539668,-32.088329],[-52.1539668,-32.0885827],[-52.1541579,-32.088696],[-52.1542599,-32.088831],[-52.1542153,-32.0890631],[-52.1540942,-32.0890684],[-52.1540178,-32.0889551],[-52.153884,-32.0890199],[-52.1539732,-32.0894409],[-52.1538239,-32.0901946],[-52.1551955,-32.0938789],[-52.1562091,-32.0951512],[-52.156216,-32.0955169],[-52.1565147,-32.0959062],[-52.1566449,-32.0962437],[-52.1564458,-32.0964189],[-52.1563309,-32.096698],[-52.1561853,-32.0967369],[-52.1560934,-32.0968797],[-52.156124,-32.0971522],[-52.1559861,-32.0974378],[-52.15581,-32.0977103],[-52.1557027,-32.0979569],[-52.1556108,-32.098236],[-52.1555189,-32.0983138],[-52.1555418,-32.0984242],[-52.155695,-32.098528],[-52.1557716,-32.0986643],[-52.1556491,-32.098833],[-52.1555418,-32.0988395],[-52.1554882,-32.0989628],[-52.1554499,-32.0990861],[-52.155312,-32.0990861],[-52.1551895,-32.0989952],[-52.1550592,-32.0990796],[-52.154975,-32.0992353],[-52.1550209,-32.0994106],[-52.1550592,-32.0995793],[-52.1548736,-32.1001067],[-52.1548984,-32.1006825],[-52.1548677,-32.1009031],[-52.1549213,-32.1011237],[-52.1550516,-32.1014936],[-52.1552584,-32.1018894],[-52.1551818,-32.1021685],[-52.1547911,-32.1027006],[-52.1544617,-32.1030964],[-52.1542549,-32.1031159],[-52.154094,-32.1031808],[-52.1539715,-32.103077],[-52.1537416,-32.1030056],[-52.1535655,-32.1031289],[-52.1535961,-32.1033235],[-52.1534888,-32.1035507],[-52.1535348,-32.103674],[-52.153688,-32.1037713],[-52.1538106,-32.1038362],[-52.1538259,-32.103914],[-52.1539791,-32.1039854],[-52.1539178,-32.1040438],[-52.1538182,-32.1040828],[-52.1538259,-32.1041931],[-52.1539178,-32.1043229],[-52.1540864,-32.1044721],[-52.1542779,-32.1045045],[-52.1543698,-32.1045305],[-52.1544617,-32.1045305],[-52.154523,-32.1045954],[-52.1545077,-32.1047057],[-52.154492,-32.104828],[-52.1545054,-32.1048961],[-52.154602,-32.1049666],[-52.1547012,-32.1050188],[-52.1547726,-32.1049985],[-52.1548328,-32.1049408],[-52.1548809,-32.104951],[-52.1549009,-32.1050223],[-52.1549826,-32.1050562],[-52.1550496,-32.1052454],[-52.1551278,-32.1053778],[-52.1550273,-32.105709],[-52.1550943,-32.1059266],[-52.155206,-32.1060685],[-52.1551836,-32.106182],[-52.1550608,-32.1063145],[-52.1549826,-32.106532],[-52.1549321,-32.1067543],[-52.1549696,-32.1069133],[-52.154947,-32.1070668],[-52.1549727,-32.1072494],[-52.1550478,-32.1075039],[-52.1551873,-32.1076766],[-52.1553161,-32.1077947],[-52.1553161,-32.1079583],[-52.1554555,-32.1080128],[-52.1555414,-32.1080855],[-52.1555306,-32.1082309],[-52.1554435,-32.1083155],[-52.1554212,-32.1083354],[-52.1554094,-32.1083709],[-52.1553948,-32.1084283],[-52.1554066,-32.1084606],[-52.1554337,-32.1084646],[-52.1554612,-32.108451],[-52.1554929,-32.1084601],[-52.1555276,-32.1084703],[-52.1555684,-32.1085137],[-52.1555789,-32.1085546],[-52.1555653,-32.108593],[-52.1555638,-32.1086134],[-52.155597,-32.1086607],[-52.1556061,-32.1087016],[-52.1555834,-32.1087451],[-52.1555684,-32.1087796],[-52.1555714,-32.1088281],[-52.1555427,-32.1088626],[-52.1555005,-32.1088844],[-52.1554899,-32.1089138],[-52.155511,-32.108947],[-52.1555578,-32.1089611],[-52.1555563,-32.1089853],[-52.1555367,-32.1090096],[-52.1555729,-32.1090556],[-52.1556478,-32.1091014],[-52.1557176,-32.1091326],[-52.1557471,-32.109161],[-52.1557625,-32.1091848],[-52.1557933,-32.1092042],[-52.1558282,-32.1092098],[-52.1558577,-32.1091985],[-52.1558711,-32.1092053],[-52.1558805,-32.109228],[-52.1558886,-32.1092511],[-52.1558943,-32.1093425],[-52.1558756,-32.1093729],[-52.1558584,-32.1094046],[-52.1558584,-32.1094411],[-52.1558842,-32.1094934],[-52.1558914,-32.1095531],[-52.1558742,-32.1095884],[-52.1558469,-32.1096347],[-52.1558799,-32.1096407],[-52.1559159,-32.109659],[-52.155936,-32.109687],[-52.1559762,-32.1097272],[-52.155982,-32.1097759],[-52.1559619,-32.1098173],[-52.1559791,-32.1098672],[-52.1559604,-32.109911],[-52.1559116,-32.1099269],[-52.1558986,-32.1099488],[-52.1559561,-32.1100352],[-52.1560294,-32.1100863],[-52.1560855,-32.110101],[-52.1561345,-32.11017],[-52.1561827,-32.110197],[-52.1562334,-32.1102291],[-52.1562964,-32.1102609],[-52.1563666,-32.1102843],[-52.1564,-32.1103036],[-52.1564041,-32.1103222],[-52.1564513,-32.1103484],[-52.1564863,-32.1103712],[-52.1565408,-32.1103912],[-52.1565718,-32.1103871],[-52.1565913,-32.1103919],[-52.1566133,-32.1103988],[-52.156654,-32.1103912],[-52.1566727,-32.1104071],[-52.1567045,-32.1104146],[-52.1567476,-32.1104275],[-52.1567719,-32.1104359],[-52.1567866,-32.1104359],[-52.1568067,-32.1104473],[-52.1568376,-32.1104677],[-52.1569431,-32.1104564],[-52.1570347,-32.1104746],[-52.1570805,-32.1104685],[-52.1571363,-32.1104952],[-52.1572365,-32.110517],[-52.1572967,-32.110534],[-52.1573511,-32.1105388],[-52.1574069,-32.1105182],[-52.1574312,-32.1105473],[-52.1574492,-32.1105813],[-52.1575226,-32.1106435],[-52.1575079,-32.1108026],[-52.1575199,-32.1108434],[-52.1575199,-32.1108877],[-52.1575415,-32.1109533],[-52.1575467,-32.1110227],[-52.1575188,-32.1110907],[-52.1575659,-32.1111336],[-52.157625,-32.1111659],[-52.1576905,-32.1111476],[-52.1577337,-32.1111469],[-52.1578297,-32.1111397],[-52.1578732,-32.1111489],[-52.1579233,-32.1111047],[-52.1579733,-32.1110863],[-52.1580364,-32.1110568],[-52.1580886,-32.1110513],[-52.1581256,-32.1110955],[-52.1581693,-32.1111406],[-52.158198,-32.1111742],[-52.1582201,-32.1111639],[-52.1582521,-32.1111733],[-52.1583392,-32.111191],[-52.1584317,-32.1111938],[-52.158448,-32.1112258],[-52.1584405,-32.1112638],[-52.1583907,-32.1112595],[-52.1583408,-32.1112469],[-52.1582785,-32.1112574],[-52.1582636,-32.1112954],[-52.1582885,-32.1113208],[-52.158271,-32.1113609],[-52.158271,-32.1114052],[-52.158291,-32.1114537],[-52.1583308,-32.1114917],[-52.1583333,-32.1115466],[-52.1583059,-32.1115804],[-52.1582489,-32.1115805],[-52.1582201,-32.1115987],[-52.1582013,-32.1116384],[-52.1581751,-32.1116662],[-52.1581027,-32.1116792],[-52.1580658,-32.111724],[-52.1580229,-32.1117683],[-52.158033,-32.11181],[-52.1580539,-32.1118454],[-52.1580409,-32.1119073],[-52.1580121,-32.1119405],[-52.1579782,-32.111945],[-52.157952,-32.1119804],[-52.157905,-32.1119759],[-52.157871,-32.1119427],[-52.1578031,-32.1119162],[-52.1577509,-32.1119538],[-52.1577143,-32.1119273],[-52.1576255,-32.1119981],[-52.1575982,-32.1120525],[-52.157607,-32.1121298],[-52.1576859,-32.1122071],[-52.1577386,-32.1122933],[-52.1576719,-32.112381],[-52.1575561,-32.1124167],[-52.1573964,-32.1123468],[-52.1572367,-32.1122561],[-52.1572191,-32.1121803],[-52.1571384,-32.1121432],[-52.1570945,-32.1120837],[-52.1570507,-32.1120183],[-52.1570278,-32.1119692],[-52.1569822,-32.1119365],[-52.156976,-32.1118873],[-52.1568594,-32.1119327],[-52.1566767,-32.1118647],[-52.1565668,-32.1118583],[-52.1563773,-32.1119814],[-52.1562456,-32.112091],[-52.1561665,-32.112233],[-52.1562026,-32.1123119],[-52.1561705,-32.1125873],[-52.1561496,-32.1127663],[-52.1560796,-32.113366],[-52.1555453,-32.1149599],[-52.1546041,-32.1159593],[-52.1539844,-32.1164421],[-52.1533845,-32.1167228],[-52.1530519,-32.1168048],[-52.1525076,-32.1165257],[-52.152325,-32.1163609],[-52.1520945,-32.1164216],[-52.1518002,-32.1163425],[-52.1515834,-32.1161345],[-52.1511966,-32.1162327],[-52.1505953,-32.1161638],[-52.1503246,-32.1163063],[-52.1497317,-32.1164365],[-52.1491369,-32.1163921],[-52.1485023,-32.1160781],[-52.1452408,-32.112007],[-52.1392326,-32.104446],[-52.1320229,-32.0976114],[-52.1205215,-32.0920852],[-52.1174316,-32.0899037],[-52.1160583,-32.0864132],[-52.1145134,-32.0846679],[-52.1119385,-32.0839407],[-52.1097069,-32.0763773],[-52.1036987,-32.0692497],[-52.0968323,-32.0635763],[-52.0921974,-32.0615396],[-52.0891075,-32.0602303],[-52.0886676,-32.0602215],[-52.0885789,-32.0602197],[-52.0885181,-32.0599734],[-52.0883221,-32.0599906],[-52.0882988,-32.0601355],[-52.0881442,-32.0604145],[-52.0879447,-32.0605582],[-52.0878,-32.0607991],[-52.0875257,-32.0610189],[-52.0872464,-32.0610062],[-52.0868524,-32.0609682],[-52.0862037,-32.0611679],[-52.0855507,-32.0610173],[-52.0856554,-32.0621601],[-52.0854061,-32.062456],[-52.0849722,-32.0626716],[-52.0847939,-32.0628469],[-52.0849722,-32.0633732],[-52.0848824,-32.0642143],[-52.0847718,-32.0645763],[-52.0849472,-32.0648229],[-52.0852664,-32.0650934],[-52.0851268,-32.0657401],[-52.0856212,-32.0666982],[-52.0871544,-32.0676984],[-52.0875515,-32.0690257],[-52.0880293,-32.0695758],[-52.0892995,-32.0710381],[-52.0946842,-32.0766959],[-52.0992898,-32.0830656],[-52.1003499,-32.0888073],[-52.1005119,-32.0895096],[-52.1003535,-32.0897244],[-52.1005674,-32.0903821],[-52.1004327,-32.0904291],[-52.1005674,-32.0908049],[-52.1007149,-32.0907771],[-52.1008452,-32.0912479],[-52.1007012,-32.0912834],[-52.1007224,-32.0913671],[-52.1013406,-32.0912166],[-52.101621,-32.0923889],[-52.1011194,-32.0925285],[-52.1010824,-32.0925258],[-52.1020488,-32.0956707],[-52.1021676,-32.0956506],[-52.1022457,-32.0960456],[-52.1022548,-32.09606],[-52.1024291,-32.0963553],[-52.1031341,-32.0963419],[-52.1033501,-32.0969536],[-52.1039057,-32.0998445],[-52.1039152,-32.0998937],[-52.1039897,-32.1002813],[-52.1044254,-32.1022677],[-52.1046645,-32.1046159],[-52.1048195,-32.105485],[-52.1048437,-32.1063607],[-52.1047358,-32.106545],[-52.1046124,-32.1067279],[-52.1043751,-32.1070744],[-52.104367,-32.1072107],[-52.1042829,-32.1072104],[-52.1042796,-32.1079461],[-52.1041061,-32.1079481],[-52.1039976,-32.1097969],[-52.1041561,-32.1097969],[-52.1041001,-32.1127898],[-52.1045759,-32.1135545],[-52.1045665,-32.1145241],[-52.1045645,-32.1147253],[-52.1045442,-32.1168222],[-52.1045284,-32.1185197],[-52.1046155,-32.1192645],[-52.1045284,-32.119808],[-52.1043462,-32.1201636],[-52.1040922,-32.1202586],[-52.1038471,-32.1204789],[-52.1040372,-32.1204588],[-52.1041957,-32.1203649],[-52.1044413,-32.1204655],[-52.1047502,-32.1205997],[-52.1047027,-32.1206735],[-52.1044492,-32.1205729],[-52.1040689,-32.1206802],[-52.1039342,-32.1209956],[-52.1036332,-32.1210828],[-52.1037487,-32.1212393],[-52.10376,-32.1216061],[-52.1033955,-32.1216598],[-52.1033657,-32.1221726],[-52.1025769,-32.1222769],[-52.1025584,-32.1221934],[-52.102307,-32.1222268],[-52.1024311,-32.1239938],[-52.1025999,-32.1270197],[-52.1028535,-32.1303813],[-52.1044236,-32.1303567],[-52.1049513,-32.1308289],[-52.1052235,-32.1315732],[-52.1048411,-32.1334692],[-52.1041049,-32.1338049],[-52.1039817,-32.1368881],[-52.1038402,-32.1371039],[-52.1037411,-32.1370919],[-52.1036915,-32.1372837],[-52.1035783,-32.1372717],[-52.1035216,-32.1375354],[-52.1036349,-32.1375414],[-52.1035924,-32.1377093],[-52.103649,-32.138003],[-52.1039209,-32.1388637],[-52.1036637,-32.1402665],[-52.1035528,-32.1402509],[-52.1032953,-32.1402509],[-52.1031022,-32.1413592],[-52.1029735,-32.1417044],[-52.1014671,-32.1445706],[-52.1023254,-32.1474775],[-52.1004372,-32.1486402],[-52.100612,-32.1497501],[-52.1007805,-32.1508203],[-52.0997505,-32.1525643],[-52.0992792,-32.1555925],[-52.0991258,-32.1557222],[-52.0990293,-32.155746],[-52.0990293,-32.1559125],[-52.0994061,-32.1564184],[-52.0995281,-32.1567383],[-52.0995496,-32.1585983],[-52.0995204,-32.15894],[-52.0994423,-32.1591778],[-52.0993028,-32.1594007],[-52.0979633,-32.160868],[-52.0975592,-32.1612943],[-52.0972038,-32.1616692],[-52.0965158,-32.1624895],[-52.0964331,-32.1625988],[-52.0963955,-32.1627104],[-52.0958512,-32.1634511],[-52.0948861,-32.1649612],[-52.093999,-32.1664459],[-52.0938211,-32.1666639],[-52.0937518,-32.1668495],[-52.0917175,-32.1701865],[-52.0915565,-32.1704011],[-52.0914855,-32.1705639],[-52.0901207,-32.1727689],[-52.0896303,-32.1737571],[-52.089332,-32.1742838],[-52.0885686,-32.1753572],[-52.088462,-32.1754488],[-52.0883189,-32.1756374],[-52.0882573,-32.1757427],[-52.0878974,-32.1762718],[-52.0861661,-32.1791645],[-52.086053,-32.1793094],[-52.0859941,-32.1794666],[-52.0852051,-32.1807805],[-52.0847408,-32.1819252],[-52.084294,-32.183345],[-52.0840171,-32.18375],[-52.0839982,-32.184089],[-52.0834563,-32.1855504],[-52.0825152,-32.1865772],[-52.0825085,-32.1866709],[-52.0821539,-32.1870693],[-52.0818953,-32.1871855],[-52.0816282,-32.1874945],[-52.080195,-32.1891477],[-52.0773767,-32.1883803],[-52.0745994,-32.1876241],[-52.0758925,-32.1849834],[-52.0761983,-32.1847718],[-52.076323,-32.1845734],[-52.0763632,-32.184431],[-52.076327,-32.1842844],[-52.0765778,-32.1832352],[-52.0769976,-32.1817973],[-52.0783494,-32.1774785],[-52.0784512,-32.1773815],[-52.0784988,-32.1772413],[-52.0784316,-32.1771421],[-52.0799534,-32.1722385],[-52.0800217,-32.1722036],[-52.0800607,-32.1720807],[-52.0800448,-32.171934],[-52.0812129,-32.1685461],[-52.0813339,-32.1684374],[-52.0813098,-32.1682742],[-52.0818363,-32.1664484],[-52.0820187,-32.1654494],[-52.0821091,-32.1651567],[-52.082093,-32.1649385],[-52.082126,-32.1642458],[-52.0822365,-32.1641168],[-52.0822386,-32.1639567],[-52.0821582,-32.1639057],[-52.0821742,-32.161004],[-52.082303,-32.1608358],[-52.0822976,-32.1607588],[-52.0821903,-32.1607134],[-52.0821796,-32.1601369],[-52.0821939,-32.1600118],[-52.0832042,-32.1591843],[-52.0835314,-32.1590147],[-52.0837514,-32.1588238],[-52.0836905,-32.1587493],[-52.083687,-32.1586737],[-52.0837686,-32.1585953],[-52.0834671,-32.1580806],[-52.0830057,-32.1576839],[-52.0828426,-32.1573736],[-52.0827268,-32.1569538],[-52.0827332,-32.1565598],[-52.0828877,-32.1557444],[-52.0831184,-32.1533349],[-52.0831077,-32.1522078],[-52.0831774,-32.151468],[-52.0831398,-32.1502828],[-52.0830218,-32.1494156],[-52.0827321,-32.1484963],[-52.0824425,-32.1477971],[-52.082303,-32.1476056],[-52.0821421,-32.1475009],[-52.0819758,-32.147488],[-52.0818738,-32.1475334],[-52.0818524,-32.1477198],[-52.0819919,-32.1479712],[-52.0821895,-32.1479844],[-52.0822378,-32.1480752],[-52.0821303,-32.1480659],[-52.082008,-32.1481513],[-52.0819704,-32.1483325],[-52.081906,-32.148442],[-52.0818899,-32.1486882],[-52.0819717,-32.1488022],[-52.0821206,-32.1488317],[-52.0821689,-32.1489598],[-52.0821528,-32.1492205],[-52.0820616,-32.1494228],[-52.0820348,-32.1496245],[-52.0820831,-32.149723],[-52.0823513,-32.1497882],[-52.0823888,-32.1504359],[-52.0821917,-32.1504709],[-52.0820401,-32.150608],[-52.0818958,-32.1505211],[-52.0817403,-32.1505233],[-52.0815198,-32.1506126],[-52.0813964,-32.1502354],[-52.0809512,-32.1500471],[-52.0803074,-32.1495993],[-52.0800982,-32.1494998],[-52.0800553,-32.1493549],[-52.0799491,-32.1492132],[-52.0798139,-32.1492727],[-52.0796208,-32.1493029],[-52.0795167,-32.1491569],[-52.079492,-32.1488596],[-52.079374,-32.1487284],[-52.0792721,-32.1486055],[-52.0792345,-32.1484143],[-52.0790522,-32.1479288],[-52.0788429,-32.1471248],[-52.0787035,-32.1461213],[-52.0786133,-32.1460414],[-52.0785938,-32.1459146],[-52.0784745,-32.1458182],[-52.0783923,-32.1455074],[-52.0783977,-32.1450675],[-52.0785747,-32.1443601],[-52.07902,-32.143441],[-52.0791664,-32.142897],[-52.0805435,-32.1414665],[-52.0819812,-32.1401954],[-52.0836495,-32.1389991],[-52.0872329,-32.1367477],[-52.0891855,-32.1359025],[-52.0913152,-32.1350472],[-52.092769,-32.1345018],[-52.0940618,-32.1341827],[-52.0944641,-32.1341446],[-52.0947216,-32.1341702],[-52.0947431,-32.1340401],[-52.0946733,-32.1340433],[-52.0945553,-32.1340249],[-52.09433,-32.133966],[-52.0942707,-32.1337494],[-52.0943139,-32.1334952],[-52.0945875,-32.1330664],[-52.0946251,-32.1328569],[-52.0945553,-32.1325894],[-52.0943783,-32.1323802],[-52.0941808,-32.1322461],[-52.0923398,-32.1315886],[-52.0918192,-32.131585],[-52.0914922,-32.1316824],[-52.0912616,-32.1318264],[-52.0916572,-32.1317983],[-52.0919809,-32.1318703],[-52.0921628,-32.1319932],[-52.0924117,-32.1322655],[-52.0926724,-32.1325169],[-52.0931338,-32.1325867],[-52.0933966,-32.1328788],[-52.0935951,-32.1333339],[-52.0935307,-32.1335754],[-52.0937292,-32.133495],[-52.0938204,-32.1335511],[-52.0938365,-32.1336426],[-52.0937882,-32.1337423],[-52.0935951,-32.1338114],[-52.0933323,-32.1338163],[-52.093182,-32.1338659],[-52.0929406,-32.1339842],[-52.0925759,-32.1338881],[-52.0925222,-32.1340019],[-52.0929299,-32.134125],[-52.0927529,-32.1342865],[-52.0922044,-32.1344194],[-52.0916156,-32.1346556],[-52.0904247,-32.1351414],[-52.089958,-32.135146],[-52.0899097,-32.1348105],[-52.0897434,-32.1344673],[-52.0897971,-32.1343151],[-52.0895833,-32.1341298],[-52.0894108,-32.1341516],[-52.0892231,-32.1339699],[-52.0889549,-32.134038],[-52.0887778,-32.1340294],[-52.0885775,-32.1338511],[-52.0884453,-32.1336342],[-52.0881878,-32.1335563],[-52.088013,-32.1336136],[-52.0873777,-32.1339676],[-52.087308,-32.1341611],[-52.0872222,-32.1341566],[-52.0870076,-32.1343335],[-52.0864926,-32.1345834],[-52.0864068,-32.1345384],[-52.0862163,-32.1345355],[-52.086001,-32.1346872],[-52.0859615,-32.1347792],[-52.0860366,-32.1348394],[-52.0860635,-32.1349827],[-52.0859646,-32.1351513],[-52.0856772,-32.135392],[-52.0855753,-32.1342518],[-52.0854734,-32.1341927],[-52.0853768,-32.1345561],[-52.0851783,-32.1347882],[-52.0849155,-32.1349391],[-52.0843415,-32.1356466],[-52.0833936,-32.1363216],[-52.0830379,-32.1366459],[-52.082641,-32.1374774],[-52.0819704,-32.1381904],[-52.0816217,-32.1384495],[-52.0813106,-32.1385267],[-52.0808224,-32.1389485],[-52.0803273,-32.1389481],[-52.0799152,-32.1386876],[-52.0792439,-32.1379639],[-52.0786173,-32.1373851],[-52.0782197,-32.1371147],[-52.0780168,-32.1364022],[-52.0782743,-32.136079],[-52.078859,-32.1357231],[-52.0793633,-32.1351964],[-52.0796846,-32.1348012],[-52.0796852,-32.1346065],[-52.0795725,-32.1344741],[-52.0796896,-32.1342326],[-52.0796101,-32.1339608],[-52.0798783,-32.1337791],[-52.0798246,-32.1336208],[-52.0802699,-32.1332524],[-52.0807366,-32.1331522],[-52.0809404,-32.1327793],[-52.0820348,-32.1321308],[-52.0835583,-32.1316263],[-52.0867769,-32.1310328],[-52.0875601,-32.1309715],[-52.0885686,-32.1306535],[-52.0886169,-32.1304993],[-52.0896778,-32.1302217],[-52.0898737,-32.1300174],[-52.089938,-32.1295736],[-52.0900682,-32.1294075],[-52.0901969,-32.1293325],[-52.0902345,-32.1292371],[-52.0903395,-32.1291811],[-52.0906273,-32.129094],[-52.091106,-32.1286049],[-52.0911999,-32.1282401],[-52.0911008,-32.1281741],[-52.0911263,-32.1280094],[-52.0910713,-32.1279231],[-52.0912093,-32.1278094],[-52.0910861,-32.1277152],[-52.0911543,-32.1276289],[-52.0910418,-32.1275222],[-52.0907533,-32.127416],[-52.0905494,-32.1274464],[-52.0901766,-32.1273861],[-52.0899019,-32.1274654],[-52.0895907,-32.1276551],[-52.0894003,-32.1276834],[-52.0892713,-32.1277545],[-52.0875266,-32.1276273],[-52.0872329,-32.1274517],[-52.0868306,-32.1274031],[-52.0861171,-32.1275373],[-52.0856504,-32.1274471],[-52.0850925,-32.127024],[-52.0848709,-32.1265878],[-52.0844863,-32.1262385],[-52.0846097,-32.1260222],[-52.0845346,-32.1257478],[-52.0842986,-32.1257433],[-52.0840625,-32.1253846],[-52.0840902,-32.125266],[-52.0838962,-32.125157],[-52.0839606,-32.1250527],[-52.0838882,-32.1249155],[-52.0837621,-32.1249119],[-52.0835046,-32.1252342],[-52.0832364,-32.1253524],[-52.08333,-32.1252022],[-52.0835261,-32.125025],[-52.0835475,-32.1247615],[-52.0833598,-32.1246986],[-52.0831667,-32.12417],[-52.0830701,-32.1240944],[-52.0831345,-32.1238325],[-52.0829414,-32.123626],[-52.0827858,-32.1235765],[-52.0827214,-32.1227189],[-52.0825927,-32.1225679],[-52.0825176,-32.1219498],[-52.0826029,-32.1213467],[-52.0828394,-32.1208287],[-52.0829682,-32.1206954],[-52.0830862,-32.1207045],[-52.0832257,-32.1202004],[-52.0833437,-32.1200548],[-52.0836173,-32.1200639],[-52.0838158,-32.1197143],[-52.083864,-32.1192642],[-52.083782,-32.1191357],[-52.0835636,-32.1191204],[-52.0834885,-32.1191781],[-52.082818,-32.1191236],[-52.0825329,-32.1190191],[-52.0820562,-32.1192965],[-52.0815091,-32.1193194],[-52.0807366,-32.1190332],[-52.0804488,-32.1187557],[-52.0805113,-32.1185096],[-52.080397,-32.1183678],[-52.0802967,-32.1183465],[-52.0803611,-32.1180964],[-52.0803557,-32.1177701],[-52.0805006,-32.1176152],[-52.0803074,-32.1174339],[-52.0801519,-32.1171107],[-52.0799105,-32.1171475],[-52.0796752,-32.1169609],[-52.0793633,-32.1169932],[-52.0790736,-32.1172154],[-52.0789814,-32.1171182],[-52.0793204,-32.116834],[-52.0791412,-32.1166694],[-52.0789771,-32.1167569],[-52.078682,-32.1165795],[-52.0785104,-32.1165293],[-52.078371,-32.1163859],[-52.0783154,-32.116164],[-52.0780086,-32.1158616],[-52.0777862,-32.1158253],[-52.077636,-32.1156433],[-52.077652,-32.1154527],[-52.0773897,-32.1152762],[-52.0771263,-32.1149411],[-52.0770303,-32.1145981],[-52.076842,-32.1143943],[-52.076386,-32.1145115],[-52.0760374,-32.1145079],[-52.0759247,-32.1144216],[-52.0763109,-32.1142709],[-52.0763021,-32.1140567],[-52.0760534,-32.1137627],[-52.0759676,-32.1135265],[-52.0760374,-32.1132527],[-52.0754419,-32.1125987],[-52.0754056,-32.1124657],[-52.0755653,-32.1123903],[-52.0757852,-32.1123992],[-52.0759891,-32.1124712],[-52.075914,-32.1125387],[-52.0757745,-32.1126266],[-52.0759193,-32.1126627],[-52.07615,-32.112658],[-52.0764933,-32.1122899],[-52.0764826,-32.1122174],[-52.0767455,-32.1120923],[-52.0767911,-32.1119616],[-52.0766167,-32.1119453],[-52.0765362,-32.1116999],[-52.0766382,-32.1115591],[-52.0765845,-32.1113955],[-52.0766811,-32.1111592],[-52.076477,-32.1111969],[-52.0764451,-32.1108727],[-52.0765953,-32.1108502],[-52.0767535,-32.1107662],[-52.0767669,-32.1106503],[-52.0769278,-32.110614],[-52.0769225,-32.1103786],[-52.0766704,-32.1102866],[-52.0764021,-32.1102084],[-52.0763673,-32.1100532],[-52.0762895,-32.1099642],[-52.0762466,-32.109851],[-52.076209,-32.1097093],[-52.0762734,-32.1095098],[-52.0761232,-32.1094323],[-52.0760964,-32.1091908],[-52.0759319,-32.1089693],[-52.0756082,-32.1089866],[-52.0754795,-32.1092235],[-52.0753293,-32.1092049],[-52.0753142,-32.1090516],[-52.0751632,-32.1088837],[-52.0750449,-32.10886],[-52.0749001,-32.10871],[-52.0747231,-32.1086962],[-52.0746104,-32.1084093],[-52.0746051,-32.1082416],[-52.0743905,-32.1083279],[-52.0742886,-32.1085274],[-52.0741759,-32.1086783],[-52.0740847,-32.108557],[-52.074049,-32.1083984],[-52.0740311,-32.1082323],[-52.0739721,-32.107782],[-52.0733498,-32.1072304],[-52.0729689,-32.1067969],[-52.0726739,-32.1061291],[-52.0724003,-32.1059699],[-52.0719979,-32.1052421],[-52.071424,-32.1042656],[-52.071381,-32.1040477],[-52.0715849,-32.1039707],[-52.0715473,-32.1038541],[-52.071424,-32.1038019],[-52.0712201,-32.1038435],[-52.071086,-32.103716],[-52.0710699,-32.1034976],[-52.0708513,-32.1032259],[-52.0706408,-32.1031253],[-52.0705013,-32.1025345],[-52.0699219,-32.1007934],[-52.0694539,-32.1005633],[-52.0691002,-32.1005294],[-52.0690086,-32.1004087],[-52.0690371,-32.0988312],[-52.068506,-32.0985903],[-52.0679695,-32.0986585],[-52.0679481,-32.0987358],[-52.0678032,-32.0986085],[-52.0678285,-32.0985001],[-52.0678783,-32.0984722],[-52.0678875,-32.0983002],[-52.0673365,-32.0984086],[-52.0671702,-32.098195],[-52.0671579,-32.0979548],[-52.067079,-32.0978905],[-52.066836,-32.0978548],[-52.0666767,-32.0977405],[-52.0667143,-32.0976406],[-52.0665142,-32.0976049],[-52.0666874,-32.097477],[-52.0666553,-32.0973361],[-52.0665211,-32.0970361],[-52.0663908,-32.0970005],[-52.0662797,-32.0968544],[-52.0661655,-32.0968278],[-52.0660974,-32.0969225],[-52.0657379,-32.0968225],[-52.0653088,-32.096768],[-52.0648796,-32.0968771],[-52.0646972,-32.096968],[-52.0646758,-32.0970679],[-52.0647884,-32.0970952],[-52.0647563,-32.0973224],[-52.0645363,-32.097586],[-52.0645578,-32.097686],[-52.0644398,-32.0978859],[-52.0644344,-32.0980859],[-52.0642128,-32.097873],[-52.0640481,-32.0978405],[-52.0640321,-32.0976814],[-52.0638658,-32.0977678],[-52.0638497,-32.0978223],[-52.0635385,-32.0978132],[-52.06356,-32.0977178],[-52.0633347,-32.0976315],[-52.0632542,-32.0974906],[-52.0631292,-32.0976049],[-52.0631147,-32.0977223],[-52.0629967,-32.0976769],[-52.062927,-32.097536],[-52.0629323,-32.0974133],[-52.0627124,-32.097477],[-52.0624496,-32.0974224],[-52.0623246,-32.0973777],[-52.0625821,-32.0973231],[-52.0627017,-32.0972406],[-52.0626051,-32.0971588],[-52.0626373,-32.0970407],[-52.0627339,-32.0969043],[-52.0625944,-32.096868],[-52.0626641,-32.0966771],[-52.0627982,-32.0968816],[-52.0628465,-32.096718],[-52.0627607,-32.0965908],[-52.0629806,-32.0962],[-52.0638228,-32.0959455],[-52.0635637,-32.0957462],[-52.0636442,-32.0954735],[-52.0634779,-32.0951917],[-52.0631882,-32.09466],[-52.0628181,-32.0943237],[-52.0624925,-32.0933323],[-52.0623744,-32.0931324],[-52.0623889,-32.0928558],[-52.062129,-32.0922826],[-52.0623208,-32.0918144],[-52.0620687,-32.0915417],[-52.0617307,-32.0915326],[-52.0614287,-32.0911561],[-52.0613858,-32.0906971],[-52.0614947,-32.0906282],[-52.0610387,-32.0901965],[-52.0610119,-32.0900601],[-52.0608456,-32.0900329],[-52.0606847,-32.0898283],[-52.0606847,-32.0897011],[-52.0604792,-32.0896336],[-52.0605436,-32.0894745],[-52.0606991,-32.0894563],[-52.0607528,-32.0892745],[-52.06069,-32.0891693],[-52.0605452,-32.0891602],[-52.0604915,-32.0890603],[-52.0605398,-32.0889239],[-52.0605114,-32.0887564],[-52.060631,-32.0887421],[-52.0607061,-32.0885967],[-52.0607115,-32.0884285],[-52.0606364,-32.0883922],[-52.0604754,-32.0884603],[-52.0605291,-32.0885649],[-52.0605184,-32.0886785],[-52.0604111,-32.088733],[-52.0602609,-32.088633],[-52.0602448,-32.088474],[-52.0600946,-32.0886421],[-52.0598693,-32.0887603],[-52.0595635,-32.0887921],[-52.0594455,-32.0891557],[-52.0593275,-32.0892602],[-52.0592041,-32.0893284],[-52.0587642,-32.0891875],[-52.0588538,-32.0891382],[-52.0591612,-32.0891784],[-52.0592953,-32.0889194],[-52.0592685,-32.0887376],[-52.0593473,-32.0885246],[-52.0593688,-32.0881974],[-52.058909,-32.0879104],[-52.0587481,-32.0876559],[-52.0588876,-32.0873696],[-52.0588876,-32.0871559],[-52.0586928,-32.0869339],[-52.0583511,-32.0867923],[-52.0583511,-32.0869605],[-52.0581634,-32.0871059],[-52.0580776,-32.0871832],[-52.0579381,-32.0871105],[-52.0580454,-32.0868378],[-52.0582546,-32.0866015],[-52.0584155,-32.0865651],[-52.058555,-32.0865605],[-52.0586837,-32.0867105],[-52.05885,-32.0867196],[-52.058945,-32.0867158],[-52.0592524,-32.0870787],[-52.0591773,-32.0874786],[-52.0591504,-32.0876741],[-52.0593114,-32.0878331],[-52.0594991,-32.0879059],[-52.0596815,-32.0879331],[-52.0597926,-32.0882519],[-52.0598478,-32.0879331],[-52.059873,-32.0875293],[-52.0598033,-32.0874748],[-52.0599551,-32.0874559],[-52.0601911,-32.087615],[-52.0602609,-32.0875786],[-52.060234,-32.0874377],[-52.0602931,-32.0872196],[-52.0602501,-32.0870423],[-52.0601214,-32.0869196],[-52.0601842,-32.0868339],[-52.0602877,-32.0867787],[-52.0600677,-32.0863787],[-52.0597014,-32.0865112],[-52.0595619,-32.0864203],[-52.0596279,-32.0862515],[-52.0597727,-32.0860833],[-52.0597014,-32.0858522],[-52.0595528,-32.0859561],[-52.0594777,-32.085747],[-52.0590324,-32.0857652],[-52.0589289,-32.0857204],[-52.0591075,-32.0855697],[-52.0591719,-32.0855016],[-52.0591665,-32.0853334],[-52.0592738,-32.0853198],[-52.0594401,-32.0854243],[-52.0596118,-32.085397],[-52.0595903,-32.0853334],[-52.05988,-32.0852516],[-52.0599283,-32.0850152],[-52.0597979,-32.084975],[-52.059601,-32.084988],[-52.0594777,-32.0850834],[-52.0592792,-32.0849652],[-52.0593811,-32.0848107],[-52.0591826,-32.0845789],[-52.0589144,-32.0844289],[-52.0588768,-32.0842562],[-52.0587266,-32.0840971],[-52.0586033,-32.084038],[-52.0587964,-32.083979],[-52.0588232,-32.0838744],[-52.0586928,-32.0838387],[-52.0586462,-32.0837199],[-52.0587143,-32.0835797],[-52.0588339,-32.0837244],[-52.0589788,-32.0837063],[-52.0590539,-32.0837517],[-52.0591504,-32.0835699],[-52.0585534,-32.0823934],[-52.0586231,-32.0822752],[-52.058725,-32.0821025],[-52.0585711,-32.0812655],[-52.0584745,-32.0811064],[-52.0583511,-32.0810837],[-52.0583082,-32.0802883],[-52.058158,-32.0801837],[-52.0577771,-32.080061],[-52.0576859,-32.0799383],[-52.0571012,-32.0799746],[-52.0570728,-32.0800344],[-52.05701,-32.0798428],[-52.0571334,-32.0797837],[-52.0572246,-32.0793746],[-52.0568545,-32.079311],[-52.0565685,-32.0794117],[-52.0558138,-32.079261],[-52.0553149,-32.0786474],[-52.0547393,-32.078489],[-52.0546497,-32.0781565],[-52.0540634,-32.078039],[-52.0541347,-32.0778701],[-52.0538879,-32.0778565],[-52.0537216,-32.0778974],[-52.0533676,-32.0777383],[-52.0532388,-32.077761],[-52.0532388,-32.0776383],[-52.0529599,-32.0776701],[-52.052579,-32.0774065],[-52.0521483,-32.077339],[-52.0522502,-32.0774799],[-52.0521928,-32.0775792],[-52.052284,-32.0777019],[-52.0525629,-32.0778247],[-52.0520801,-32.0778019],[-52.0516993,-32.0781474],[-52.0514348,-32.0782481],[-52.0502616,-32.0779656],[-52.0499719,-32.0775201],[-52.0496179,-32.0771792],[-52.0494355,-32.0763338],[-52.0487542,-32.0756792],[-52.048604,-32.0748292],[-52.0484377,-32.0745974],[-52.048486,-32.0741019],[-52.0481641,-32.0731791],[-52.0482553,-32.0727837],[-52.0480622,-32.0718654],[-52.0480552,-32.0712934],[-52.0481695,-32.0709154],[-52.0480568,-32.0707699],[-52.0480407,-32.0702108],[-52.0480997,-32.0699971],[-52.0479281,-32.0698926],[-52.0478315,-32.0694834],[-52.0479318,-32.0692523],[-52.0480729,-32.0691471],[-52.0479495,-32.0687061],[-52.0478208,-32.068647],[-52.0478798,-32.0682015],[-52.0477832,-32.0679288],[-52.0479012,-32.0674833],[-52.0477189,-32.0668923],[-52.047692,-32.0664059],[-52.047735,-32.0660331],[-52.0476545,-32.0654739],[-52.047515,-32.0654512],[-52.047551,-32.0648973],[-52.0474759,-32.06482],[-52.0474989,-32.0643692],[-52.0476008,-32.0641465],[-52.0476008,-32.063701],[-52.0475027,-32.0635789],[-52.047515,-32.0633645],[-52.0474024,-32.0628872],[-52.047515,-32.0628327],[-52.047338,-32.0625417],[-52.0471969,-32.0619332],[-52.0470859,-32.0618916],[-52.0470108,-32.0615552],[-52.0471824,-32.0611051],[-52.0470751,-32.0609323],[-52.0470467,-32.0606557],[-52.0469196,-32.060064],[-52.0468981,-32.0597821],[-52.0466551,-32.0594509],[-52.0468337,-32.0592957],[-52.0468284,-32.0591138],[-52.0464421,-32.0587728],[-52.0462651,-32.0583364],[-52.0463134,-32.057759],[-52.0462115,-32.0570952],[-52.0463348,-32.0567906],[-52.0461417,-32.0566406],[-52.0462045,-32.0563639],[-52.0460183,-32.0562359],[-52.0457769,-32.0557222],[-52.0457823,-32.054972],[-52.045895,-32.0547174],[-52.0456589,-32.0538899],[-52.0453853,-32.0535944],[-52.0454336,-32.0531761],[-52.0451976,-32.0528351],[-52.045078,-32.0528858],[-52.0449723,-32.0527169],[-52.0450206,-32.0522622],[-52.0450742,-32.051953],[-52.0451386,-32.0515302],[-52.0452459,-32.0513165],[-52.0451064,-32.0510846],[-52.0450581,-32.0505708],[-52.0450726,-32.050235],[-52.0449615,-32.0500434],[-52.0450259,-32.0496842],[-52.0448864,-32.0493977],[-52.0445217,-32.0495114],[-52.0443339,-32.0494523],[-52.0441783,-32.0493523],[-52.0439568,-32.0493393],[-52.0436151,-32.049175],[-52.0421597,-32.0470068],[-52.0420272,-32.0466196],[-52.0420004,-32.046365],[-52.0419076,-32.0462383],[-52.0417804,-32.0462422],[-52.041582,-32.0459876],[-52.0413459,-32.0455965],[-52.0412708,-32.0451373],[-52.0412547,-32.0448644],[-52.0410616,-32.0446962],[-52.0407666,-32.0441369],[-52.0406325,-32.043805],[-52.0409292,-32.0435764],[-52.0408812,-32.0426743],[-52.0408645,-32.0418521],[-52.0408418,-32.0406635],[-52.0409035,-32.0396645],[-52.0407178,-32.0395871],[-52.0406243,-32.0365164],[-52.0392799,-32.0365313],[-52.0392857,-32.0363105],[-52.039043,-32.0363663],[-52.0390017,-32.0361155],[-52.03905,-32.0358335],[-52.0391127,-32.0354841],[-52.0391948,-32.0353561],[-52.0391664,-32.0352658],[-52.0390875,-32.0352333],[-52.0389373,-32.0348149],[-52.0389373,-32.0345057],[-52.0388354,-32.0343238],[-52.0389266,-32.0339145],[-52.0388676,-32.0335643],[-52.0387587,-32.0333376],[-52.0389802,-32.0314769],[-52.0389142,-32.0313594],[-52.0393289,-32.0295578],[-52.0397565,-32.0287171],[-52.0397634,-32.0282935],[-52.0401014,-32.0274521],[-52.0398518,-32.0272771],[-52.0398922,-32.0271485],[-52.0399646,-32.0271111],[-52.0400598,-32.0271076],[-52.0400826,-32.0270837],[-52.0400746,-32.0268609],[-52.0400453,-32.0267669],[-52.0400698,-32.0267253],[-52.0400555,-32.0266855],[-52.0400052,-32.0265981],[-52.0400045,-32.0264375],[-52.0400937,-32.0263454],[-52.0401488,-32.0261737],[-52.0402543,-32.0260513],[-52.0403026,-32.0260543],[-52.0403404,-32.0259403],[-52.0403875,-32.0257941],[-52.0402023,-32.0257598],[-52.0401814,-32.0256733],[-52.0402119,-32.0255537],[-52.0402163,-32.0253851],[-52.0403697,-32.0247677],[-52.0404125,-32.0244823],[-52.0404718,-32.0240492],[-52.0405182,-32.0239918],[-52.0407196,-32.0233566],[-52.0407008,-32.0232839],[-52.0407169,-32.0231054],[-52.0408041,-32.0229177],[-52.040934,-32.0226262],[-52.0408979,-32.0224675],[-52.0409958,-32.0219012],[-52.0410493,-32.0216927],[-52.0414395,-32.0209718],[-52.0415188,-32.0206812],[-52.041602,-32.0205459],[-52.041598,-32.0204356],[-52.0416543,-32.0202627],[-52.0417804,-32.019518],[-52.0419025,-32.0194111],[-52.0419641,-32.0190984],[-52.0420553,-32.0188721],[-52.0421666,-32.0187561],[-52.0422324,-32.0185935],[-52.0424616,-32.0179999],[-52.0426371,-32.0177732],[-52.0427389,-32.0177336],[-52.0428854,-32.0177634],[-52.0429603,-32.017733],[-52.0430835,-32.0176758],[-52.0431666,-32.0176692],[-52.0432141,-32.0176255],[-52.0432798,-32.0175531],[-52.043521,-32.0174468],[-52.0435635,-32.017307],[-52.04351,-32.0173044],[-52.0435364,-32.0170469],[-52.0436928,-32.0169561],[-52.0437081,-32.0169105],[-52.0438428,-32.0167047],[-52.0438859,-32.016574],[-52.043897,-32.0164646],[-52.0439301,-32.0164675],[-52.0441768,-32.015025],[-52.0449391,-32.0151715],[-52.0452793,-32.0140103],[-52.0452047,-32.0139938],[-52.0448773,-32.0151071],[-52.0441924,-32.014976],[-52.0444425,-32.0141042],[-52.0446599,-32.0133034],[-52.0447944,-32.0133251],[-52.0448159,-32.0132396],[-52.0447567,-32.0132299],[-52.0447459,-32.0132675],[-52.0446706,-32.0132578],[-52.0446761,-32.0132361],[-52.0439769,-32.0130937],[-52.0439604,-32.013166],[-52.0438877,-32.0131563],[-52.0438945,-32.0130804],[-52.0438839,-32.0130718],[-52.0438094,-32.0130223],[-52.0437903,-32.0129977],[-52.0437712,-32.0129787],[-52.0437156,-32.0129602],[-52.0437431,-32.0128883],[-52.0436685,-32.0128706],[-52.0436772,-32.0128141],[-52.0437591,-32.0128248],[-52.0438162,-32.012345],[-52.0437357,-32.0123336],[-52.0437843,-32.012056],[-52.0439334,-32.0115315],[-52.0438302,-32.0112826],[-52.0439347,-32.0109213],[-52.0438535,-32.0108911],[-52.0439281,-32.0105003],[-52.0437112,-32.0103067],[-52.0437465,-32.0099808],[-52.0436933,-32.0099595],[-52.0437484,-32.0096875],[-52.0436626,-32.0096825],[-52.0436184,-32.0095319],[-52.0433972,-32.0095092],[-52.0432477,-32.0093206],[-52.0431098,-32.008966],[-52.0432295,-32.0085474],[-52.0431577,-32.0085276],[-52.0434365,-32.007429],[-52.0430693,-32.0073486],[-52.0426472,-32.0071909],[-52.0428058,-32.0067319],[-52.0430397,-32.0067532],[-52.0430852,-32.0066897],[-52.0430088,-32.0066317],[-52.0430142,-32.0064247],[-52.0431832,-32.0062905],[-52.0432801,-32.0061008],[-52.0433904,-32.0060164],[-52.0434564,-32.0059597],[-52.0435546,-32.0058609],[-52.0436996,-32.0057454],[-52.0437684,-32.0056217],[-52.0438473,-32.0055367],[-52.0440457,-32.0052588],[-52.0442556,-32.0051174],[-52.0443567,-32.0050397],[-52.0444717,-32.0049123],[-52.0445739,-32.0048283],[-52.0446082,-32.0047251],[-52.0448105,-32.0044759],[-52.0449976,-32.0044255],[-52.0450667,-32.004431],[-52.0451241,-32.0044348],[-52.0452053,-32.0044401],[-52.0453186,-32.004409],[-52.0454127,-32.0043518],[-52.0454957,-32.004273],[-52.0455206,-32.0041865],[-52.0454867,-32.0040442],[-52.0454586,-32.0039159],[-52.0455059,-32.0037988],[-52.0459979,-32.0032954],[-52.0460683,-32.0032197],[-52.0460922,-32.0031736],[-52.046127,-32.0031157],[-52.0461585,-32.0030616],[-52.0461982,-32.0030059],[-52.0462624,-32.0029473],[-52.0463145,-32.002942],[-52.0463518,-32.0029288],[-52.0463704,-32.0028988],[-52.0463559,-32.0028643],[-52.046297,-32.0028252],[-52.0462816,-32.0027084],[-52.0463267,-32.0026399],[-52.0463227,-32.0025387],[-52.046265,-32.0022976],[-52.0462901,-32.002113],[-52.0461433,-32.0020465],[-52.046143,-32.0018972],[-52.0461974,-32.0018141],[-52.0461248,-32.0017475],[-52.0460918,-32.0016398],[-52.0461199,-32.0013297],[-52.046187,-32.0010398],[-52.0464993,-32.0005529],[-52.0465599,-32.0003876],[-52.0464508,-32.0002532],[-52.0464898,-32.0000242],[-52.0464652,-31.999876],[-52.0466334,-31.9998032],[-52.0468881,-31.9991173],[-52.0469174,-31.9989086],[-52.0471477,-31.9989008],[-52.047197,-31.9988282],[-52.0470697,-31.9986779],[-52.0473493,-31.9982933],[-52.0484463,-31.9970331],[-52.0497673,-31.9951706],[-52.049951,-31.9945606],[-52.0496499,-31.9943872],[-52.0496365,-31.994062],[-52.0497626,-31.9933364],[-52.0500389,-31.9928314],[-52.0500469,-31.9924583],[-52.0502856,-31.9920147],[-52.0502588,-31.9917053],[-52.0504412,-31.99138],[-52.0504895,-31.9910616],[-52.0506075,-31.9910525],[-52.0506665,-31.9908909],[-52.05082,-31.9909163],[-52.0515382,-31.9893599],[-52.0521773,-31.9882978],[-52.0529303,-31.9872329],[-52.0529625,-31.986878],[-52.0532025,-31.9867165],[-52.0531851,-31.9866175],[-52.0533367,-31.9862035],[-52.053342,-31.9860044],[-52.0535043,-31.9856495],[-52.0535083,-31.9854288],[-52.0534131,-31.9851456],[-52.0535284,-31.9850057],[-52.0537859,-31.9850284],[-52.0538154,-31.9845984],[-52.0538865,-31.9845495],[-52.0539442,-31.9844107],[-52.0539187,-31.9842902],[-52.0539951,-31.9839364],[-52.0538972,-31.9837442],[-52.0539428,-31.9836099],[-52.0540917,-31.983635],[-52.0541494,-31.9833506],[-52.0543244,-31.9831689],[-52.0543814,-31.9825475],[-52.0544136,-31.9823962],[-52.0544833,-31.982353],[-52.0544531,-31.9821724],[-52.0543425,-31.98208],[-52.0541722,-31.9816636],[-52.0541172,-31.9814782],[-52.05414,-31.9813371],[-52.0538932,-31.9806603],[-52.0539039,-31.9804783],[-52.0538375,-31.9803557],[-52.0536438,-31.9801916],[-52.0536304,-31.9799482],[-52.0535204,-31.9799049],[-52.0530483,-31.9791769],[-52.0529838,-31.9789703],[-52.0527546,-31.9788971],[-52.0525092,-31.9786536],[-52.0515362,-31.9780555],[-52.0512311,-31.9777811],[-52.0512164,-31.977673],[-52.0510742,-31.9776559],[-52.0509361,-31.9775217],[-52.0506263,-31.9774603],[-52.0504345,-31.9772908],[-52.0502374,-31.9772191],[-52.0501475,-31.9770814],[-52.0499182,-31.9770337],[-52.0495534,-31.9768403],[-52.0494495,-31.97667],[-52.0490545,-31.9764239],[-52.04873,-31.9764125],[-52.0484027,-31.9762282],[-52.0482042,-31.976053],[-52.0477161,-31.9759643],[-52.0473003,-31.9757823],[-52.0473486,-31.9757106],[-52.0464045,-31.9755388],[-52.0460753,-31.9754049],[-52.0455663,-31.9753932],[-52.0450839,-31.9753025],[-52.0440794,-31.9747545],[-52.0439985,-31.9746572],[-52.0440629,-31.9745787],[-52.0439516,-31.97454],[-52.0437685,-31.9741694],[-52.0434701,-31.9741634],[-52.0432529,-31.9740827],[-52.0431751,-31.9739939],[-52.0429632,-31.9740212],[-52.0426735,-31.9738824],[-52.0419332,-31.9738051],[-52.0414317,-31.9738028],[-52.0413083,-31.9736936],[-52.0408148,-31.9738369],[-52.0401335,-31.9737937],[-52.0397526,-31.9735389],[-52.0393235,-31.9733682],[-52.0391893,-31.9732226],[-52.0386449,-31.9729405],[-52.0382881,-31.9729018],[-52.0382372,-31.9728062],[-52.0384249,-31.9727471],[-52.0382539,-31.9725266],[-52.0382693,-31.9722215],[-52.0383784,-31.9719683],[-52.038453,-31.971495],[-52.0382521,-31.9710891],[-52.0380666,-31.9709364],[-52.0378555,-31.9709512],[-52.0374949,-31.9710386],[-52.0373121,-31.9711636],[-52.0372365,-31.9712796],[-52.0370687,-31.9716068],[-52.036788,-31.9717856],[-52.0366885,-31.9720388],[-52.0365179,-31.9721031],[-52.0362665,-31.9720573],[-52.036009,-31.9718413],[-52.035767,-31.9716914],[-52.0354882,-31.9717484],[-52.0350949,-31.9717781],[-52.0346514,-31.9717403],[-52.0342988,-31.9716015],[-52.0340616,-31.9711842],[-52.0339198,-31.9708421],[-52.0335919,-31.9705899],[-52.0332694,-31.9704883],[-52.0331195,-31.9705317],[-52.0327123,-31.9708495],[-52.0322586,-31.9711905],[-52.0314464,-31.9712474],[-52.0301981,-31.9710448],[-52.029911,-31.970765],[-52.029351,-31.970665],[-52.0288501,-31.9707173],[-52.0273239,-31.970827],[-52.0265002,-31.9704112],[-52.0259542,-31.9703011],[-52.024777,-31.9703866],[-52.0244836,-31.9700899],[-52.0223887,-31.9695823],[-52.0198137,-31.9660873],[-52.0158655,-31.9676892],[-52.011059,-31.9625921],[-52.0079691,-31.9580772],[-52.0052225,-31.9528339],[-52.0038492,-31.946862],[-52.0050509,-31.9408897],[-52.0062525,-31.9352083],[-52.0103724,-31.9295266],[-52.0127756,-31.9242817],[-52.0158655,-31.9220962],[-52.0189554,-31.9202021],[-52.0199854,-31.9175794],[-52.0235903,-31.9137909],[-52.0285685,-31.9091279],[-52.0342333,-31.9051934],[-52.0394307,-31.9035764],[-52.0391947,-31.9032098],[-52.0391853,-31.9030937],[-52.0390378,-31.9029679],[-52.0389761,-31.9026041],[-52.0390847,-31.9025677],[-52.0392577,-31.9026229],[-52.0395622,-31.903055],[-52.039934,-31.9031276],[-52.039992,-31.9030527],[-52.0402569,-31.902932],[-52.0402381,-31.9028591],[-52.0407993,-31.9027661],[-52.040922,-31.9026736],[-52.0409744,-31.9024652],[-52.0412895,-31.9022944],[-52.0414357,-31.9023491],[-52.0415671,-31.9023013],[-52.0416784,-31.9023172],[-52.0416476,-31.9024481],[-52.0418139,-31.9025335],[-52.0421666,-31.9025358],[-52.042298,-31.9026109],[-52.0423624,-31.9025768],[-52.0424911,-31.9026178],[-52.0425595,-31.9025198],[-52.0426387,-31.9025198],[-52.0427004,-31.9026041],[-52.0429042,-31.9025449],[-52.0430169,-31.9024185],[-52.0431751,-31.9024083],[-52.0433468,-31.9022762],[-52.043564,-31.9022603],[-52.0436472,-31.9021407],[-52.0435855,-31.9020394],[-52.043725,-31.901946],[-52.0438939,-31.9019278],[-52.0439583,-31.9019916],[-52.0441601,-31.9018894],[-52.0442212,-31.9017923],[-52.0442091,-31.9015635],[-52.044244,-31.9013221],[-52.0442882,-31.9013005],[-52.0442788,-31.9011707],[-52.0443633,-31.9010762],[-52.0443164,-31.9010386],[-52.0443298,-31.9009384],[-52.0444196,-31.9009008],[-52.0445839,-31.900721],[-52.0445672,-31.9005137],[-52.0443714,-31.9001893],[-52.0443714,-31.899982],[-52.0444304,-31.8998386],[-52.0445216,-31.8997577],[-52.0445243,-31.8995665],[-52.0445893,-31.8995175],[-52.0448086,-31.8994685],[-52.044018,-31.8989269],[-52.0447046,-31.8954291],[-52.0457346,-31.8935344],[-52.0483095,-31.8890162],[-52.0515711,-31.8872672],[-52.0548327,-31.884935],[-52.057826,-31.88212],[-52.0635874,-31.8792502],[-52.0678789,-31.8757517],[-52.0709688,-31.8726904],[-52.077492,-31.8687543],[-52.0812685,-31.8659843],[-52.0847017,-31.8614648],[-52.087105,-31.8588404],[-52.0879633,-31.8566533],[-52.0883066,-31.8522791],[-52.0884783,-31.8477589],[-52.0896799,-31.8449883],[-52.0925868,-31.8415132],[-52.092456,-31.8412048],[-52.0929611,-31.8410383],[-52.0933637,-31.8410512],[-52.0935725,-31.8409709],[-52.094121,-31.8401324],[-52.0941612,-31.8396459],[-52.0942296,-31.8395411],[-52.0946386,-31.8394112],[-52.094817,-31.8399091],[-52.094809,-31.8400606],[-52.0949967,-31.8406907],[-52.0953894,-31.8407572],[-52.0956364,-31.8406793],[-52.0962051,-31.8403375],[-52.0966396,-31.8401575],[-52.0972726,-31.8397314],[-52.0976293,-31.8393691],[-52.0978305,-31.8387835],[-52.0979163,-31.8383323],[-52.0979619,-31.837594],[-52.0978868,-31.8372978],[-52.0980505,-31.8362483],[-52.0979686,-31.8358987],[-52.0978895,-31.8358531],[-52.0978928,-31.8357987],[-52.0976535,-31.8357198],[-52.09751,-31.8354429],[-52.0973651,-31.8353974],[-52.0971572,-31.8352253],[-52.0970982,-31.8349633],[-52.0969614,-31.8348026],[-52.0966852,-31.8346807],[-52.0963982,-31.8346659],[-52.0962963,-31.8345998],[-52.0961816,-31.8342195],[-52.0953226,-31.8340005],[-52.0950544,-31.8339982],[-52.0946682,-31.8338797],[-52.0945493,-31.833756],[-52.094011,-31.8336097],[-52.0939614,-31.8335493],[-52.0937186,-31.8335094],[-52.0933834,-31.8333317],[-52.0933405,-31.833269],[-52.092969,-31.833138],[-52.092801,-31.8330144],[-52.092686,-31.8329956],[-52.0924513,-31.8328611],[-52.0919068,-31.8327153],[-52.091703,-31.8324088],[-52.0916762,-31.8320692],[-52.0914267,-31.8321889],[-52.0913623,-31.8321308],[-52.0914669,-31.8320168],[-52.0913771,-31.8317627],[-52.0903934,-31.8317539],[-52.0867617,-31.8288005],[-52.0833284,-31.8282171],[-52.0821268,-31.8271962],[-52.0776636,-31.825446],[-52.0732004,-31.8217996],[-52.0671923,-31.8185906],[-52.063536,-31.8167165],[-52.0608408,-31.8156733],[-52.054661,-31.8150898],[-52.0483095,-31.8140687],[-52.0402414,-31.814798],[-52.0359499,-31.8146522],[-52.0311434,-31.814798],[-52.0253069,-31.8162567],[-52.0198137,-31.8162567],[-52.0127756,-31.8169861],[-52.0072825,-31.8185906],[-52.0069391,-31.8196116],[-52.0055658,-31.8207785],[-52.0043642,-31.8200492],[-52.0043642,-31.8187365],[-52.0016176,-31.8200492],[-51.9950945,-31.8225288],[-51.9799883,-31.8304049],[-51.969517,-31.8376968],[-51.9685223,-31.8386687],[-51.9683495,-31.8391936],[-51.9681081,-31.83936],[-51.967913,-31.839331],[-51.9674993,-31.8397815],[-51.966675,-31.8402296],[-51.9665858,-31.840254],[-51.9660455,-31.8402828],[-51.9660884,-31.8404469],[-51.9659007,-31.8404218],[-51.9659449,-31.8405095],[-51.9657826,-31.8405152],[-51.9657491,-31.8406326],[-51.9658001,-31.8406656],[-51.9655855,-31.8408467],[-51.9653092,-31.840988],[-51.9648895,-31.8410849],[-51.9646883,-31.841233],[-51.9642062,-31.841266],[-51.9640794,-31.8414039],[-51.9635564,-31.8417434],[-51.9633123,-31.8418413],[-51.9630468,-31.8417844],[-51.9629583,-31.841871],[-51.9626525,-31.8419986],[-51.9615582,-31.842272],[-51.9609439,-31.8427528],[-51.9604933,-31.8432221],[-51.9593507,-31.8438647],[-51.9589108,-31.8442042],[-51.9587579,-31.8442725],[-51.9582939,-31.8443272],[-51.9578648,-31.8444867],[-51.957382,-31.8445323],[-51.9572774,-31.8445004],[-51.9571513,-31.8445915],[-51.9570816,-31.8448216],[-51.956985,-31.8449561],[-51.9565102,-31.8452773],[-51.9563869,-31.8452819],[-51.95636,-31.8451589],[-51.956183,-31.8451634],[-51.9560865,-31.8450837],[-51.9559658,-31.8452022],[-51.9557726,-31.8452386],[-51.9558558,-31.8453047],[-51.9557753,-31.8453708],[-51.9556895,-31.8453685],[-51.9553784,-31.8455644],[-51.9549814,-31.8459859],[-51.9548982,-31.845954],[-51.9547185,-31.8461318],[-51.9543403,-31.8463232],[-51.9543806,-31.8463664],[-51.9540024,-31.8465852],[-51.9539541,-31.8465578],[-51.9538415,-31.8466444],[-51.9536403,-31.8469406],[-51.9533238,-31.8472231],[-51.9529241,-31.847394],[-51.952841,-31.8475262],[-51.952157,-31.8477677],[-51.9516367,-31.8478383],[-51.9514006,-31.8480912],[-51.9512236,-31.8480912],[-51.9511002,-31.8481504],[-51.9505423,-31.8479932],[-51.9495338,-31.8487861],[-51.9490349,-31.8488157],[-51.9488794,-31.8489616],[-51.9481511,-31.8490595],[-51.9479299,-31.8491757],[-51.9476241,-31.8491393],[-51.9474739,-31.8492145],[-51.9473076,-31.8492167],[-51.9470058,-31.8495801],[-51.9467779,-31.8497544],[-51.9465633,-31.849792],[-51.946393,-31.8497408],[-51.9455642,-31.8502055],[-51.9450948,-31.8503081],[-51.9449566,-31.8503878],[-51.944498,-31.8509437],[-51.9438744,-31.8512604],[-51.9436316,-31.8514689],[-51.9434103,-31.8515201],[-51.9431663,-31.8517115],[-51.9430563,-31.851904],[-51.9429168,-31.8520214],[-51.9426674,-31.8521102],[-51.9424997,-31.852239],[-51.942367,-31.852477],[-51.9421899,-31.8525123],[-51.9420518,-31.8526399],[-51.9420625,-31.8528381],[-51.9419298,-31.8530181],[-51.9417916,-31.8530853],[-51.9416294,-31.8531013],[-51.9416334,-31.8531639],[-51.9411264,-31.8534647],[-51.9410554,-31.8535752],[-51.9408971,-31.8536663],[-51.9403392,-31.8541971],[-51.9395708,-31.8546608],[-51.9392958,-31.8549524],[-51.9389512,-31.8551403],[-51.938298,-31.8557281],[-51.938054,-31.8558762],[-51.9376583,-31.8560152],[-51.9374827,-31.8560254],[-51.9371085,-31.8561849],[-51.9370388,-31.8562897],[-51.9368657,-31.8563706],[-51.936501,-31.8564116],[-51.9361255,-31.8563273],[-51.9359002,-31.8562248],[-51.9357231,-31.8565893],[-51.9354254,-31.8567237],[-51.9345389,-31.8573445],[-51.9341481,-31.8574311],[-51.9339904,-31.8576076],[-51.9336813,-31.8577367],[-51.933572,-31.857881],[-51.9334406,-31.8579448],[-51.9332944,-31.8581544],[-51.9329578,-31.8583605],[-51.9325633,-31.8586851],[-51.9319573,-31.8591476],[-51.9315952,-31.8593823],[-51.9311218,-31.8595668],[-51.9305076,-31.8598322],[-51.930171,-31.8601147],[-51.9290739,-31.8607036],[-51.9285482,-31.8608038],[-51.92736,-31.8615989],[-51.9252706,-31.8628746],[-51.9241993,-31.863472],[-51.9230799,-31.863843],[-51.9223604,-31.8637391],[-51.9221243,-31.8637744],[-51.921443,-31.8637471],[-51.9212151,-31.863583],[-51.9209851,-31.8635515],[-51.913212,-31.8668591],[-51.9056589,-31.8691917],[-51.8984491,-31.8709411],[-51.8895228,-31.8719615],[-51.8799097,-31.8725446],[-51.8735582,-31.8726904],[-51.8654902,-31.8713784],[-51.8634805,-31.8706834],[-51.8624479,-31.8707266],[-51.8619382,-31.8706538],[-51.8616834,-31.8705239],[-51.8612355,-31.8705307],[-51.8608546,-31.8704601],[-51.8606508,-31.8703371],[-51.8599749,-31.8703121],[-51.8598113,-31.8701868],[-51.8594411,-31.8701822],[-51.8592989,-31.8701185],[-51.8592158,-31.8699909],[-51.8586847,-31.8698474],[-51.8586586,-31.8697771],[-51.85799,-31.8695137],[-51.8577071,-31.8693212],[-51.8575327,-31.8692825],[-51.8571505,-31.8688816],[-51.8570044,-31.8686423],[-51.8566918,-31.8685422],[-51.8557906,-31.8684556],[-51.8548343,-31.8678997],[-51.8459208,-31.8637975],[-51.8299563,-31.8553411],[-51.8085837,-31.8421193],[-51.8081921,-31.8420396],[-51.8079534,-31.8416773],[-51.8078086,-31.8416272],[-51.8077496,-31.841454],[-51.8076101,-31.8413013],[-51.8075484,-31.8412763],[-51.8074518,-31.841315],[-51.807358,-31.8411646],[-51.8071944,-31.8411031],[-51.8071327,-31.8409641],[-51.8070146,-31.8409504],[-51.8070039,-31.840677],[-51.8068725,-31.8406451],[-51.8068537,-31.8404901],[-51.806674,-31.8402737],[-51.8064702,-31.8401484],[-51.8064541,-31.8399911],[-51.8062797,-31.8397883],[-51.8061698,-31.8397815],[-51.8060625,-31.8396038],[-51.8058854,-31.8395924],[-51.8057138,-31.8391275],[-51.805577,-31.8390934],[-51.805526,-31.8389703],[-51.8053731,-31.8388837],[-51.8053508,-31.8388263],[-51.8052873,-31.8386627],[-51.8051076,-31.8385055],[-51.8048984,-31.8379723],[-51.8047589,-31.8377763],[-51.8044075,-31.8368671],[-51.8042681,-31.8363453],[-51.8041366,-31.8362678],[-51.804193,-31.8360445],[-51.8040669,-31.8359807],[-51.8040964,-31.8359306],[-51.8041876,-31.8359123],[-51.8042144,-31.835762],[-51.8041715,-31.8355181],[-51.8039998,-31.83537],[-51.8038915,-31.8353463],[-51.8038228,-31.8353313],[-51.8037826,-31.8352287],[-51.8038416,-31.8350852],[-51.8036538,-31.834618],[-51.8036994,-31.8342306],[-51.8035895,-31.833866],[-51.8034741,-31.8338341],[-51.8031013,-31.8345679],[-51.8028921,-31.8345679],[-51.8019909,-31.833269],[-51.8018055,-31.8330816],[-51.8016529,-31.8329272],[-51.8016583,-31.8327358],[-51.8018299,-31.832558],[-51.8017763,-31.8318881],[-51.8010199,-31.8293768],[-51.7999787,-31.8272288],[-51.7987454,-31.8292036],[-51.7982304,-31.8280414],[-51.7979944,-31.8270295],[-51.7976081,-31.8258035],[-51.7971307,-31.8255551],[-51.7967579,-31.8254867],[-51.7997807,-31.8201036],[-51.799947,-31.8201059],[-51.8002152,-31.8198734],[-51.7998236,-31.8207349],[-51.7996734,-31.8213913],[-51.7996252,-31.8219839],[-51.7994696,-31.8227861],[-51.7996359,-31.8235473],[-51.7997378,-31.8243631],[-51.7997968,-31.8236612],[-51.7996466,-31.8229228],[-51.7998236,-31.8225126],[-51.7998558,-31.8219839],[-51.8000114,-31.821838],[-51.8001187,-31.821136],[-51.8002689,-31.8209127],[-51.8002421,-31.820548],[-51.8004513,-31.8202381],[-51.8004352,-31.8200284],[-51.8004996,-31.8198689],[-51.8004325,-31.8194564],[-51.8007597,-31.8189641],[-51.8007302,-31.8188706],[-51.8004486,-31.8192376],[-51.8002743,-31.8193219],[-51.8002233,-31.819274],[-51.8004701,-31.8186815],[-51.8021196,-31.8157618],[-51.8007812,-31.8144171],[-51.8012345,-31.8137083],[-51.8011057,-31.8136758],[-51.8006881,-31.8143382],[-51.7991853,-31.814196],[-51.7979193,-31.8141664],[-51.7973024,-31.8143579],[-51.7969269,-31.8145607],[-51.797037,-31.8145974],[-51.7971951,-31.8148866],[-51.7969456,-31.8154747],[-51.7969885,-31.8163704],[-51.7968947,-31.8166439],[-51.7967203,-31.8168148],[-51.7967123,-31.8170131],[-51.7968249,-31.8172182],[-51.7972702,-31.8173208],[-51.7978013,-31.8173573],[-51.7981043,-31.8174667],[-51.7979568,-31.8177858],[-51.7976806,-31.8178154],[-51.7974713,-31.8177311],[-51.797289,-31.8178245],[-51.7969671,-31.8185014],[-51.7970234,-31.8191851],[-51.7972246,-31.8195452],[-51.7973748,-31.8205047],[-51.7973372,-31.8207828],[-51.7974392,-31.8209173],[-51.7976269,-31.821013],[-51.7980762,-31.8218893],[-51.7978884,-31.8222061],[-51.7977637,-31.822263],[-51.7976296,-31.8222026],[-51.7975089,-31.8222676],[-51.7974767,-31.8223793],[-51.7968212,-31.8224345],[-51.7966962,-31.8219565],[-51.7967981,-31.8205241],[-51.7966908,-31.820515],[-51.7965956,-31.821952],[-51.796703,-31.8224445],[-51.7962603,-31.8224818],[-51.7960471,-31.8223838],[-51.7958453,-31.8214621],[-51.7959741,-31.8212592],[-51.7957719,-31.8211268],[-51.7954087,-31.8194677],[-51.7951459,-31.8185926],[-51.7951888,-31.817061],[-51.795449,-31.8144604],[-51.7952988,-31.8144103],[-51.7948723,-31.8145334],[-51.7946845,-31.8145197],[-51.793961,-31.8147886],[-51.7938633,-31.8150157],[-51.7936707,-31.8151966],[-51.7931879,-31.8200877],[-51.7900014,-31.8185698],[-51.788948,-31.8203968],[-51.7873138,-31.8200694],[-51.786713,-31.819682],[-51.7861712,-31.8197048],[-51.7856509,-31.8194586],[-51.7850339,-31.8182872],[-51.7842883,-31.8181253],[-51.7851707,-31.8163339],[-51.7853344,-31.8151282],[-51.7855919,-31.8141185],[-51.7861229,-31.8127145],[-51.7871851,-31.8105811],[-51.7840684,-31.8090562],[-51.7820567,-31.8125413],[-51.7810245,-31.8121494],[-51.7809865,-31.8120284],[-51.7808792,-31.8119282],[-51.7807481,-31.8118974],[-51.7805788,-31.811935],[-51.7811131,-31.8113927],[-51.7809945,-31.8113287],[-51.7803937,-31.8118871],[-51.7787388,-31.8111381],[-51.7786874,-31.8110279],[-51.7785457,-31.8109594],[-51.7784083,-31.8109884],[-51.7776391,-31.8106335],[-51.7803776,-31.807333],[-51.7811689,-31.8062206],[-51.7818797,-31.8051128],[-51.7828238,-31.8039047],[-51.7826039,-31.8034032],[-51.7825556,-31.8030955],[-51.782738,-31.8027102],[-51.7830759,-31.8024412],[-51.7835051,-31.8024435],[-51.7837036,-31.8020788],[-51.7838819,-31.8018748],[-51.7853129,-31.80142],[-51.7868538,-31.8022178],[-51.7876867,-31.8018531],[-51.7878583,-31.8012627],[-51.7877027,-31.8009185],[-51.787279,-31.8006769],[-51.7878208,-31.8003805],[-51.7889339,-31.8009139],[-51.7901704,-31.8006016],[-51.7905459,-31.8003212],[-51.791262,-31.7994117],[-51.7916,-31.7980758],[-51.7918468,-31.7976404],[-51.7920506,-31.7976587],[-51.7922866,-31.7974239],[-51.7926568,-31.7977384],[-51.7923269,-31.7982012],[-51.7920774,-31.7995758],[-51.7919728,-31.8004466],[-51.792115,-31.8006313],[-51.7920962,-31.801053],[-51.7919782,-31.8012468],[-51.7918414,-31.8013379],[-51.7914096,-31.8013083],[-51.7916778,-31.8016981],[-51.7948777,-31.8027307],[-51.795972,-31.8026008],[-51.7981768,-31.8017209],[-51.7996949,-31.8023637],[-51.7996627,-31.8026965],[-51.8001643,-31.8028516],[-51.8007195,-31.8027923],[-51.8016851,-31.802537],[-51.8030262,-31.8024367],[-51.8039918,-31.8024184],[-51.8046463,-31.8025552],[-51.8049574,-31.8027376],[-51.8053168,-31.8031114],[-51.8054134,-31.8033667],[-51.8057942,-31.8033211],[-51.8054885,-31.8028561],[-51.8054751,-31.8023888],[-51.8058157,-31.8016434],[-51.8062663,-31.8008957],[-51.8060116,-31.8005602],[-51.8058672,-31.8003699],[-51.8055368,-31.7997422],[-51.8064273,-31.8000978],[-51.8073016,-31.8008136],[-51.8072748,-31.8010142],[-51.8077576,-31.8010826],[-51.8091685,-31.802113],[-51.8093777,-31.8025415],[-51.8094984,-31.8030544],[-51.8106119,-31.8035023],[-51.8115057,-31.8038243],[-51.8127251,-31.8041167],[-51.8131498,-31.8039958],[-51.8133581,-31.8039366],[-51.8137014,-31.8035491],[-51.8137658,-31.8032299],[-51.8120277,-31.8017847],[-51.8115369,-31.8012103],[-51.8095279,-31.7995735],[-51.8093643,-31.7995052],[-51.8091282,-31.7994299],[-51.8091175,-31.7993798],[-51.8091497,-31.7993251],[-51.8092597,-31.7992954],[-51.8098819,-31.7993661],[-51.811384,-31.7994322],[-51.8132347,-31.8000386],[-51.8141306,-31.800148],[-51.8151552,-31.8005902],[-51.8156058,-31.8012787],[-51.8159115,-31.8019671],[-51.8162173,-31.8024048],[-51.8167377,-31.8041759],[-51.8173546,-31.8050399],[-51.8174177,-31.8060107],[-51.8176308,-31.8060519],[-51.8180975,-31.8057647],[-51.8184731,-31.8057146],[-51.8185991,-31.8056302],[-51.8187761,-31.8056348],[-51.8190309,-31.8054502],[-51.8193072,-31.8053339],[-51.8194869,-31.8053521],[-51.8196318,-31.8051516],[-51.8198571,-31.8049738],[-51.8200153,-31.8049646],[-51.8199724,-31.8040392],[-51.820069,-31.8038545],[-51.8199778,-31.8034169],[-51.8191034,-31.8022498],[-51.8190014,-31.8020127],[-51.8178239,-31.8006883],[-51.8177515,-31.8004398],[-51.8177944,-31.8001047],[-51.8184221,-31.8000454],[-51.8187922,-31.8001526],[-51.8193877,-31.8002209],[-51.8212625,-31.8003121],[-51.821563,-31.8002802],[-51.8223006,-31.8003532],[-51.8229604,-31.8004991],[-51.8243873,-31.8009664],[-51.8248057,-31.8012582],[-51.8250364,-31.801281],[-51.8253368,-31.801436],[-51.8254066,-31.8015135],[-51.8256506,-31.801591],[-51.8257982,-31.8017277],[-51.8262032,-31.8018782],[-51.8263373,-31.8020036],[-51.8271339,-31.8021495],[-51.8272761,-31.8021107],[-51.827496,-31.8021426],[-51.8279895,-31.8019603],[-51.8282443,-31.8018964],[-51.8283878,-31.801909],[-51.8283436,-31.8018668],[-51.828251,-31.8011738],[-51.82842,-31.8010815],[-51.8293776,-31.801192],[-51.8298402,-31.8011442],[-51.8307026,-31.8013049],[-51.8309735,-31.8014679],[-51.8312471,-31.8014223],[-51.8317151,-31.8014747],[-51.8323173,-31.8014223],[-51.8328926,-31.8013516],[-51.8335685,-31.8013858],[-51.8338716,-31.8014132],[-51.8340406,-31.8014223],[-51.83429,-31.8014314],[-51.8345931,-31.8014679],[-51.8348292,-31.8014907],[-51.835084,-31.8015522],[-51.8354836,-31.8016981],[-51.835843,-31.8017209],[-51.8361864,-31.8017597],[-51.8364519,-31.8017847],[-51.8367282,-31.8017802],[-51.8370795,-31.8018098],[-51.8376857,-31.8019033],[-51.8381229,-31.8020081],[-51.8384045,-31.802056],[-51.8386513,-31.8020788],[-51.8388927,-31.8021381],[-51.8391797,-31.8022361],[-51.8395284,-31.8023763],[-51.8398958,-31.8025085],[-51.8401399,-31.8026156],[-51.8404564,-31.802896],[-51.8406066,-31.8029405],[-51.840789,-31.8028766],[-51.840781,-31.802692],[-51.8407434,-31.802423],[-51.8405852,-31.80204],[-51.8402499,-31.8019124],[-51.8400461,-31.8018941],[-51.8398878,-31.8018828],[-51.8397027,-31.8018463],[-51.8393916,-31.8017027],[-51.8390429,-31.801436],[-51.8383536,-31.8012012],[-51.8379861,-31.8011579],[-51.8378815,-31.8011396],[-51.8376857,-31.8011282],[-51.8375221,-31.8011373],[-51.8372914,-31.801151],[-51.8370903,-31.8011442],[-51.8369642,-31.8012513],[-51.8369159,-31.8013972],[-51.8365806,-31.8014702],[-51.8362766,-31.8014239],[-51.8359423,-31.8012126],[-51.8356311,-31.8010553],[-51.8353871,-31.8009253],[-51.8352342,-31.8008364],[-51.8348721,-31.8007042],[-51.8343598,-31.8006108],[-51.8339735,-31.8003828],[-51.8331474,-31.8006495],[-51.8329302,-31.800686],[-51.8326646,-31.8006632],[-51.8324178,-31.8006153],[-51.8318975,-31.800588],[-51.8306664,-31.8004671],[-51.829969,-31.8002939],[-51.8295586,-31.8001685],[-51.8292019,-31.8000021],[-51.8288988,-31.7999748],[-51.8284267,-31.7999292],[-51.827732,-31.7994094],[-51.8273646,-31.7993957],[-51.8263775,-31.7994504],[-51.8259376,-31.7993775],[-51.8254924,-31.7992726],[-51.8246824,-31.7986708],[-51.8241245,-31.7985021],[-51.8237704,-31.7984793],[-51.8229067,-31.7985888],[-51.8224454,-31.7985842],[-51.8218607,-31.7984201],[-51.8211848,-31.7980325],[-51.8207717,-31.7976541],[-51.8204981,-31.7975766],[-51.8197525,-31.7976267],[-51.8187869,-31.7974991],[-51.8176282,-31.7971252],[-51.8171293,-31.7968289],[-51.8163407,-31.7965872],[-51.8154234,-31.7961267],[-51.814667,-31.7959033],[-51.8138516,-31.7956161],[-51.8119419,-31.7945583],[-51.8112552,-31.794075],[-51.8109655,-31.7939017],[-51.8105149,-31.7938242],[-51.8100751,-31.7937467],[-51.8096942,-31.7936099],[-51.80897,-31.793236],[-51.8083745,-31.7930081],[-51.8079025,-31.7929488],[-51.8074358,-31.7929716],[-51.8071514,-31.7929579],[-51.8069798,-31.7929078],[-51.806733,-31.7926251],[-51.8061644,-31.7920688],[-51.8058586,-31.7918591],[-51.8054885,-31.7916311],[-51.805054,-31.7914715],[-51.8038791,-31.7910155],[-51.8010736,-31.7904684],[-51.7995662,-31.7903088],[-51.7988259,-31.7902221],[-51.7978656,-31.7901355],[-51.7974794,-31.7899896],[-51.7970663,-31.7899303],[-51.7967981,-31.7899303],[-51.7964709,-31.7899075],[-51.7959827,-31.7897571],[-51.7954141,-31.7897251],[-51.7945612,-31.7896659],[-51.7939013,-31.7897434],[-51.7936063,-31.7899212],[-51.7933327,-31.7900854],[-51.7932254,-31.7902586],[-51.793043,-31.7904593],[-51.7929786,-31.7905368],[-51.7929035,-31.7906188],[-51.7927641,-31.790628],[-51.7925012,-31.7905504],[-51.7923671,-31.7904456],[-51.7920184,-31.7902723],[-51.7918253,-31.7900899],[-51.7916644,-31.7898756],[-51.7913264,-31.7897229],[-51.7911655,-31.7897844],[-51.7909026,-31.7897571],[-51.7907256,-31.7896385],[-51.7903098,-31.7896134],[-51.7902669,-31.7895678],[-51.7899638,-31.7895291],[-51.789819,-31.789431],[-51.7896017,-31.7891552],[-51.7893067,-31.7890184],[-51.7888749,-31.7890777],[-51.7887005,-31.789023],[-51.788435,-31.7890321],[-51.7878422,-31.78895],[-51.7877349,-31.7888451],[-51.7877242,-31.7887129],[-51.7887193,-31.7886445],[-51.7889607,-31.7885784],[-51.7890278,-31.7885031],[-51.7877162,-31.7882546],[-51.7859218,-31.7881247],[-51.7855087,-31.788038],[-51.7828184,-31.7879514],[-51.7826039,-31.7878739],[-51.7813057,-31.7877371],[-51.7805493,-31.7877097],[-51.7799807,-31.7875912],[-51.7787468,-31.7876459],[-51.7781621,-31.7875182],[-51.776703,-31.7875365],[-51.7765099,-31.7873404],[-51.7759413,-31.7873951],[-51.7755175,-31.7873358],[-51.7753244,-31.7872264],[-51.7743856,-31.7872515],[-51.774112,-31.7870634],[-51.7738974,-31.7871215],[-51.7730337,-31.7870987],[-51.7720842,-31.7872264],[-51.7711026,-31.7871945],[-51.7706519,-31.7873814],[-51.7701826,-31.7873678],[-51.7696241,-31.7872701],[-51.7691392,-31.7871853],[-51.7689592,-31.7871888],[-51.7684418,-31.787199],[-51.7678356,-31.7871489],[-51.767503,-31.7870486],[-51.7669183,-31.7871215],[-51.7667181,-31.7870662],[-51.7664811,-31.7870007],[-51.7664514,-31.7869266],[-51.7660895,-31.7869369],[-51.7656255,-31.7870919],[-51.7649549,-31.78706],[-51.7644802,-31.7872652],[-51.7638901,-31.7872868],[-51.7636406,-31.7875068],[-51.7629835,-31.7877439],[-51.7621869,-31.7878716],[-51.7619835,-31.7878278],[-51.7617953,-31.7877873],[-51.7613501,-31.7878602],[-51.7591453,-31.7885328],[-51.757375,-31.7888884],[-51.7569003,-31.7890663],[-51.7558649,-31.789219],[-51.7553124,-31.7891438],[-51.753974,-31.7882569],[-51.7531049,-31.7883025],[-51.7526597,-31.7885168],[-51.7524853,-31.7887106],[-51.7511791,-31.7891666],[-51.7492694,-31.7894538],[-51.7482796,-31.7892874],[-51.7478264,-31.7893649],[-51.7472417,-31.7889773],[-51.7469466,-31.7888907],[-51.7466193,-31.788909],[-51.7453963,-31.7893193],[-51.744876,-31.7893968],[-51.7444414,-31.789333],[-51.7435777,-31.7890184],[-51.7431754,-31.7890093],[-51.7425746,-31.7891415],[-51.7417431,-31.7895017],[-51.7410082,-31.7894242],[-51.7404717,-31.7892418],[-51.7383904,-31.7888269],[-51.7368401,-31.7890001],[-51.733675,-31.7896226],[-51.733219,-31.7895747],[-51.7322025,-31.7892259],[-51.7312503,-31.7887334],[-51.7294318,-31.7881224],[-51.7296678,-31.7876094],[-51.7298406,-31.7875682],[-51.730341,-31.7877075],[-51.7305703,-31.7876562],[-51.7310263,-31.7877382],[-51.7311792,-31.7878317],[-51.7314193,-31.7878032],[-51.7314836,-31.7878488],[-51.7315292,-31.7877736],[-51.7318806,-31.7877941],[-51.732468,-31.7880266],[-51.732582,-31.7878944],[-51.7323902,-31.7877451],[-51.73235,-31.7877713],[-51.732299,-31.7876185],[-51.7325646,-31.787598],[-51.7328046,-31.7876288],[-51.7330004,-31.7877075],[-51.7330889,-31.7876961],[-51.7331252,-31.7874612],[-51.7330809,-31.7873883],[-51.7330822,-31.7872002],[-51.7329106,-31.7871557],[-51.732806,-31.7872583],[-51.7319825,-31.7873381],[-51.7316607,-31.7872606],[-51.7304005,-31.7872498],[-51.7297751,-31.7871762],[-51.7294291,-31.7870121],[-51.7292395,-31.7870473],[-51.7288296,-31.7869118],[-51.727176,-31.786262],[-51.7268273,-31.7862346],[-51.7256338,-31.7858151],[-51.7255801,-31.7857148],[-51.7251697,-31.7856077],[-51.7241076,-31.7856555],[-51.722627,-31.785537],[-51.7219484,-31.7854367],[-51.721766,-31.7853489],[-51.7213368,-31.7853409],[-51.7209882,-31.7851722],[-51.7204034,-31.7851722],[-51.719816,-31.7850696],[-51.7190301,-31.7850582],[-51.7188638,-31.7849966],[-51.717512,-31.7850308],[-51.7150363,-31.7851973],[-51.7148727,-31.7851403],[-51.7148593,-31.7849374],[-51.7135698,-31.7850357],[-51.7092783,-31.7848898],[-51.7046435,-31.7840143],[-51.7027552,-31.7828469],[-51.7013819,-31.7829928],[-51.6981203,-31.7816795],[-51.6946871,-31.7822632],[-51.6914255,-31.7819714],[-51.688164,-31.780804],[-51.6867907,-31.7786151],[-51.6826708,-31.7781773],[-51.6799242,-31.776718],[-51.677006,-31.774675],[-51.6728861,-31.7736534],[-51.6711695,-31.7721941],[-51.6692812,-31.7720481],[-51.6629297,-31.7697131],[-51.6620714,-31.7682537],[-51.6574366,-31.7663564],[-51.6565783,-31.7647509],[-51.6543467,-31.7641671],[-51.653145,-31.7613941],[-51.6507418,-31.7593507],[-51.6474802,-31.7589128],[-51.6473086,-31.7565774],[-51.6462786,-31.7552638],[-51.6433603,-31.754388],[-51.6426737,-31.7529283],[-51.6404421,-31.7521985],[-51.6371805,-31.7489871],[-51.6352923,-31.7473813],[-51.6332323,-31.7462135],[-51.6316874,-31.7430019],[-51.6243059,-31.7392063],[-51.621731,-31.7367244],[-51.6196711,-31.7333665],[-51.6169245,-31.7310305],[-51.6157229,-31.7311765],[-51.6122896,-31.7289864],[-51.6093714,-31.7237301],[-51.6054232,-31.7219779],[-51.6001017,-31.715699],[-51.5976984,-31.7145307],[-51.5958101,-31.7116101],[-51.5947802,-31.7083973],[-51.5934827,-31.7059083],[-51.5726359,-31.6841518],[-51.5722925,-31.6823989],[-51.5698893,-31.6803538],[-51.566971,-31.6758251],[-51.5649111,-31.6745103],[-51.5606196,-31.6683743],[-51.55795,-31.66598],[-51.5546454,-31.6612705],[-51.5522422,-31.6582021],[-51.5510405,-31.6549874],[-51.5494956,-31.6532339],[-51.5470923,-31.6506037],[-51.545719,-31.6489962],[-51.5460623,-31.6475349],[-51.5441741,-31.6472426],[-51.5436591,-31.6491424],[-51.5419425,-31.6492885],[-51.5398825,-31.6473888],[-51.5354193,-31.6453429],[-51.5343894,-31.6430046],[-51.5312995,-31.6408125],[-51.5282096,-31.6362819],[-51.5251197,-31.6310203],[-51.5235747,-31.629851],[-51.5220297,-31.6286817],[-51.5211714,-31.6273662],[-51.5204848,-31.6254661],[-51.5225447,-31.6261969],[-51.524948,-31.6297048],[-51.5278662,-31.6311665],[-51.5302695,-31.6339434],[-51.5390242,-31.6430046],[-51.5415991,-31.6447583],[-51.5426291,-31.6457813],[-51.5419425,-31.6469504],[-51.5422858,-31.647681],[-51.5436591,-31.6463658],[-51.5433158,-31.644466],[-51.5421141,-31.6425662],[-51.5383376,-31.6358434],[-51.5343894,-31.6295587],[-51.5314711,-31.6253199],[-51.5294112,-31.6210809],[-51.5273513,-31.6197653],[-51.525463,-31.6168417],[-51.5218581,-31.6124561],[-51.5177382,-31.607047],[-51.5165366,-31.6064622],[-51.5160216,-31.6057312],[-51.5100135,-31.5976899],[-51.5081252,-31.5956429],[-51.5079535,-31.5943269],[-51.5074385,-31.5922799],[-51.5062369,-31.5908176],[-51.5040053,-31.590379],[-51.502117,-31.5908176],[-51.4997138,-31.5887705],[-51.4991988,-31.5862846],[-51.4979972,-31.5854072],[-51.4976538,-31.5823363],[-51.4928473,-31.580289],[-51.4904441,-31.5772179],[-51.4827193,-31.5715142],[-51.4765395,-31.5678578],[-51.4741362,-31.5658101],[-51.4744795,-31.5687353],[-51.4739646,-31.5694666],[-51.4744795,-31.5716605],[-51.4731063,-31.5726842],[-51.4604033,-31.5726842],[-51.4607466,-31.5687353],[-51.46109,-31.5656639],[-51.460575,-31.558643],[-51.4609183,-31.5557175],[-51.4580001,-31.5535233],[-51.4567984,-31.5505976],[-51.4555968,-31.5466478],[-51.4538802,-31.5440145],[-51.4501036,-31.5412349],[-51.4495886,-31.5387477],[-51.448387,-31.5380162],[-51.4475287,-31.5358216],[-51.4454688,-31.5321638],[-51.4451255,-31.5293837],[-51.4468421,-31.5283595],[-51.448902,-31.5279205],[-51.4513053,-31.5308469],[-51.4531935,-31.5340658],[-51.4549102,-31.5371383],[-51.4593733,-31.5431367],[-51.46109,-31.5454775],[-51.4604033,-31.5413812],[-51.4573134,-31.5371383],[-51.4554251,-31.5312859],[-51.4518202,-31.525433],[-51.4501036,-31.5235308],[-51.4464987,-31.5173848],[-51.4440955,-31.5134336],[-51.4422072,-31.5100676],[-51.4394606,-31.5068478],[-51.4396323,-31.5046525],[-51.438774,-31.5039207],[-51.4375724,-31.5050916],[-51.4356841,-31.5037743],[-51.4337958,-31.5012862],[-51.4307059,-31.4958706],[-51.428131,-31.4927967],[-51.4246977,-31.4903083],[-51.4232439,-31.488759],[-51.4231302,-31.4887635],[-51.4230108,-31.488704],[-51.4228874,-31.4884879],[-51.4225467,-31.4882613],[-51.4225294,-31.4883998],[-51.4222464,-31.4885107],[-51.4219809,-31.4885462],[-51.4219178,-31.4886628],[-51.4215048,-31.4889259],[-51.4213036,-31.4894382],[-51.4215032,-31.4898211],[-51.421286,-31.4913696],[-51.4210929,-31.4927967],[-51.4204062,-31.4945532],[-51.4209212,-31.4973343],[-51.4217795,-31.4992371],[-51.4188613,-31.5053843],[-51.4155997,-31.5093358],[-51.4119948,-31.5125555],[-51.4051284,-31.5169458],[-51.3953437,-31.5216285],[-51.3836707,-31.5260183],[-51.373371,-31.5295301],[-51.363758,-31.5317248],[-51.3555182,-31.5312859],[-51.3483084,-31.5295301],[-51.3405837,-31.526311],[-51.3338889,-31.5219211],[-51.3275374,-31.5192872],[-51.3163794,-31.5150433],[-51.3052214,-31.5103603],[-51.2932051,-31.5040671],[-51.2865103,-31.4992371],[-51.2789572,-31.4946996],[-51.2722624,-31.4895764],[-51.2578429,-31.4772795],[-51.2550963,-31.4739122],[-51.2469256,-31.4666123],[-51.2423873,-31.4622288],[-51.2375439,-31.4574351],[-51.2329137,-31.4518504],[-51.2242448,-31.4402809],[-51.2146532,-31.425698],[-51.2122285,-31.4226401],[-51.2083876,-31.4193258],[-51.2059736,-31.4153338],[-51.2034416,-31.4121657],[-51.1984527,-31.4034942],[-51.1945045,-31.3964337],[-51.1901378,-31.3879347],[-51.1887324,-31.3838773],[-51.1870372,-31.380296],[-51.1857712,-31.379664],[-51.1848593,-31.3777679],[-51.1846769,-31.376394],[-51.1820161,-31.372107],[-51.1793017,-31.365548],[-51.1773037,-31.35999],[-51.1752438,-31.3535401],[-51.1708961,-31.3403756],[-51.1695789,-31.336387],[-51.1654591,-31.3196707],[-51.1627125,-31.3085249],[-51.1603092,-31.3023648],[-51.1592793,-31.2970844],[-51.1586869,-31.292934],[-51.1585266,-31.2920845],[-51.1581001,-31.2888221],[-51.1567043,-31.2790408],[-51.1560177,-31.2677434],[-51.1560177,-31.2568421],[-51.1560177,-31.2471993],[-51.1582493,-31.2245956],[-51.1597942,-31.2143194],[-51.1635089,-31.1965874],[-51.1658826,-31.1865766],[-51.1688554,-31.1750813],[-51.1692953,-31.1734932],[-51.1716332,-31.1662902],[-51.1729861,-31.1623026],[-51.1742725,-31.1585234],[-51.1751962,-31.1551965],[-51.1769343,-31.1502935],[-51.1771703,-31.1493661],[-51.1789288,-31.1434101],[-51.179358,-31.1408206],[-51.1791649,-31.136725],[-51.1791649,-31.1336026],[-51.1788118,-31.1263717],[-51.1789727,-31.1180412],[-51.1791587,-31.1132527],[-51.179123,-31.1099076],[-51.1790336,-31.1031114],[-51.178402,-31.0971548],[-51.1773324,-31.0914966],[-51.1770523,-31.0889846],[-51.1766124,-31.0858147],[-51.1756039,-31.0799893],[-51.1736745,-31.0737706],[-51.1729646,-31.0717926],[-51.1725784,-31.0708002],[-51.1719454,-31.070065],[-51.1708832,-31.0691277],[-51.1699951,-31.0684491],[-51.1690504,-31.0667634],[-51.1689735,-31.0654517],[-51.1687052,-31.0650037],[-51.1684263,-31.0645603],[-51.1681473,-31.0642478],[-51.1676324,-31.0639629],[-51.1672461,-31.0637745],[-51.1667848,-31.0636045],[-51.1663985,-31.0635126],[-51.1657977,-31.0635126],[-51.1653203,-31.0639583],[-51.165253,-31.064292],[-51.1652452,-31.0643305],[-51.165508,-31.0648635],[-51.1657172,-31.0652679],[-51.1656421,-31.0654977],[-51.1647141,-31.0665178],[-51.1646658,-31.0666694],[-51.1646873,-31.0668991],[-51.1648858,-31.0669681],[-51.1651433,-31.0668716],[-51.1656475,-31.066311],[-51.1658353,-31.0662283],[-51.1659747,-31.0663569],[-51.1661625,-31.0668394],[-51.1661303,-31.0678641],[-51.1653686,-31.0703591],[-51.1647463,-31.0724543],[-51.1623001,-31.0759278],[-51.1567855,-31.0812206],[-51.1504957,-31.0845969],[-51.141226,-31.0901832],[-51.1322996,-31.0935642],[-51.1197683,-31.0969451],[-51.1104986,-31.098268],[-51.1020872,-31.0973861],[-51.0957357,-31.0950342],[-51.0911009,-31.0919472],[-51.086466,-31.0882721],[-51.0821745,-31.0843029],[-51.0770246,-31.0788633],[-51.0734197,-31.0766579],[-51.0698148,-31.0768049],[-51.0638067,-31.0709238],[-51.0610601,-31.0706297],[-51.0548803,-31.0671009],[-51.0493871,-31.0629837],[-51.0409757,-31.0591604],[-51.0354826,-31.0572488],[-51.0308477,-31.0550429],[-51.0279724,-31.0544731],[-51.0257193,-31.0538297],[-51.021688,-31.0517115],[-51.0163638,-31.0505759],[-51.015358,-31.0497997],[-51.0126516,-31.0496016],[-51.0102484,-31.0485722],[-51.0091353,-31.0483934],[-51.0087544,-31.0478212],[-51.0083493,-31.0474507],[-51.0071584,-31.0479839],[-51.0056376,-31.0477568],[-51.0045835,-31.0472486],[-51.0039184,-31.0482321],[-51.0016975,-31.0481954],[-50.9978887,-31.0472486],[-50.9925672,-31.0456308],[-50.9867307,-31.042101],[-50.9810659,-31.0388652],[-50.977976,-31.0360706],[-50.9728262,-31.0313637],[-50.9700796,-31.0263624],[-50.9685346,-31.0215079],[-50.9677482,-31.0201418],[-50.9676733,-31.0200116],[-50.9621832,-31.0104741],[-50.9585783,-31.0034117],[-50.9565183,-30.9991447],[-50.9564564,-30.997605],[-50.9563467,-30.9948774],[-50.9544584,-30.9864895],[-50.9534284,-30.9801612],[-50.9539434,-30.9773649],[-50.9541151,-30.9705945],[-50.9537718,-30.9660316],[-50.9517118,-30.9624988],[-50.9523985,-30.956905],[-50.9542867,-30.9524887],[-50.956175,-30.9423302],[-50.9594366,-30.930551],[-50.9602232,-30.9274369],[-50.9616682,-30.9217156],[-50.9640714,-30.9146467],[-50.9654447,-30.9087556],[-50.9654582,-30.9064731],[-50.965367,-30.9056722],[-50.9652168,-30.9050094],[-50.9651926,-30.9046734],[-50.9652436,-30.9043052],[-50.9651953,-30.9038265],[-50.9649727,-30.9032903],[-50.9651256,-30.9031269],[-50.9653321,-30.9030785],[-50.9653482,-30.9029584],[-50.9652892,-30.9027655],[-50.9651363,-30.9026021],[-50.9647957,-30.9019715],[-50.9648305,-30.9015504],[-50.9646723,-30.9012949],[-50.9647313,-30.9011706],[-50.9646723,-30.9009884],[-50.9644765,-30.9009727],[-50.9643853,-30.9008093],[-50.9642029,-30.9007241],[-50.9638032,-30.900273],[-50.9636101,-30.8999071],[-50.9635618,-30.899578],[-50.9633285,-30.8994652],[-50.9634465,-30.8993589],[-50.9633204,-30.8992213],[-50.9630575,-30.898703],[-50.9627035,-30.8985672],[-50.9619338,-30.8985189],[-50.9559443,-30.9003555],[-50.9472326,-30.9030482],[-50.9352323,-30.905368],[-50.9261343,-30.9059572],[-50.9148046,-30.9056626],[-50.9063932,-30.9044843],[-50.8998701,-30.9012438],[-50.8945486,-30.8982979],[-50.8887121,-30.8959411],[-50.8830473,-30.8900488],[-50.8799574,-30.8878391],[-50.8773824,-30.8844508],[-50.869486,-30.8773791],[-50.8638212,-30.8722224],[-50.860388,-30.8682441],[-50.8564398,-30.8648551],[-50.847685,-30.8595504],[-50.8406469,-30.8560137],[-50.8330938,-30.8532137],[-50.827944,-30.8510032],[-50.8234808,-30.8508558],[-50.8221075,-30.8484978],[-50.8193847,-30.8435215],[-50.8195774,-30.8431202],[-50.8199386,-30.8430609],[-50.8200741,-30.842899],[-50.8203874,-30.8430244],[-50.820645,-30.8429081],[-50.8208537,-30.8427356],[-50.8207698,-30.8425524],[-50.8205919,-30.8423426],[-50.8199094,-30.8421306],[-50.8196969,-30.8419208],[-50.8195562,-30.8420166],[-50.8195748,-30.8422149],[-50.8194871,-30.8423745],[-50.8192959,-30.8424749],[-50.8193437,-30.8422605],[-50.8192402,-30.8421899],[-50.8189613,-30.842313],[-50.8188524,-30.8423039],[-50.8188949,-30.8422149],[-50.8190516,-30.8421306],[-50.8189857,-30.8420379],[-50.8159277,-30.8411287],[-50.8104345,-30.8384757],[-50.8018514,-30.8342013],[-50.7946417,-30.8314007],[-50.7869169,-30.8290422],[-50.7824537,-30.8280104],[-50.7711241,-30.8257993],[-50.7683775,-30.8247674],[-50.7640859,-30.8232933],[-50.7597944,-30.8216717],[-50.7579061,-30.8196078],[-50.7543012,-30.8175439],[-50.7512113,-30.8147428],[-50.7481214,-30.8141531],[-50.7465765,-30.812384],[-50.7436582,-30.8117942],[-50.7400533,-30.8078135],[-50.7354185,-30.8017683],[-50.7344133,-30.7998017],[-50.7323286,-30.7957228],[-50.7273504,-30.7899718],[-50.7247849,-30.7867647],[-50.7247665,-30.786734],[-50.7247056,-30.7866585],[-50.7245536,-30.7864263],[-50.7244927,-30.7863537],[-50.724442,-30.7862753],[-50.7243778,-30.7861098],[-50.7243339,-30.7860285],[-50.7242967,-30.7859414],[-50.7241109,-30.7856192],[-50.723996,-30.7854595],[-50.7239419,-30.7853782],[-50.723898,-30.7852998],[-50.7238439,-30.7852273],[-50.7237966,-30.7851489],[-50.7236749,-30.7849689],[-50.7236073,-30.7848992],[-50.7235499,-30.7848237],[-50.7234722,-30.7846524],[-50.7234384,-30.7845682],[-50.7233911,-30.7844898],[-50.7233302,-30.7844144],[-50.7232694,-30.7843447],[-50.7229585,-30.7842663],[-50.722847,-30.7842576],[-50.7227321,-30.7842576],[-50.7226239,-30.7842692],[-50.7225192,-30.7843011],[-50.7224178,-30.7843447],[-50.7223401,-30.7844027],[-50.7222826,-30.7844753],[-50.7222387,-30.784574],[-50.7222184,-30.784664],[-50.722188,-30.784754],[-50.7221508,-30.7848469],[-50.7221035,-30.7849369],[-50.7220325,-30.7850095],[-50.7219447,-30.7850879],[-50.7218636,-30.7851489],[-50.7216811,-30.7852679],[-50.7216,-30.7853376],[-50.7215324,-30.7854102],[-50.7214479,-30.7855408],[-50.7212654,-30.7856598],[-50.7211945,-30.7857324],[-50.7211303,-30.7858021],[-50.7210559,-30.7858921],[-50.7209985,-30.7859676],[-50.7209478,-30.786043],[-50.7208261,-30.7861911],[-50.7206673,-30.7863101],[-50.7205727,-30.7863508],[-50.7204713,-30.7863798],[-50.7202449,-30.7864088],[-50.7201266,-30.7864321],[-50.7196974,-30.7865366],[-50.7195893,-30.7865366],[-50.7194811,-30.786525],[-50.7193865,-30.7864843],[-50.7193831,-30.7864001],[-50.7194068,-30.7863101],[-50.7194439,-30.7862318],[-50.719471,-30.786133],[-50.7194608,-30.786046],[-50.7192716,-30.7858311],[-50.7192074,-30.7857527],[-50.7192344,-30.7856656],[-50.7192885,-30.7855669],[-50.7192986,-30.7853869],[-50.719231,-30.7851431],[-50.7191973,-30.7850502],[-50.7191466,-30.7849573],[-50.7190148,-30.7848063],[-50.7189235,-30.7847511],[-50.7188188,-30.7847221],[-50.7187106,-30.7847163],[-50.7186397,-30.7846524],[-50.7186059,-30.7845624],[-50.7185991,-30.7843418],[-50.7186363,-30.7842576],[-50.7187275,-30.7842227],[-50.7188255,-30.7842344],[-50.7190283,-30.784304],[-50.7191499,-30.7843418],[-50.7192648,-30.7843679],[-50.7193662,-30.7843505],[-50.7194642,-30.784304],[-50.7195014,-30.784214],[-50.719471,-30.784095],[-50.7194541,-30.7840021],[-50.7194541,-30.783915],[-50.719471,-30.7838192],[-50.7195217,-30.7837408],[-50.7195622,-30.7836566],[-50.7195588,-30.7835695],[-50.7194439,-30.7834127],[-50.7194,-30.7833285],[-50.7193831,-30.7832356],[-50.7193831,-30.7830469],[-50.7194068,-30.7829627],[-50.7195048,-30.7829598],[-50.7196197,-30.7829773],[-50.7197346,-30.7830034],[-50.7198461,-30.7829889],[-50.7198833,-30.7829076],[-50.7198664,-30.7828176],[-50.7197785,-30.7826492],[-50.7197515,-30.7825592],[-50.719792,-30.7824808],[-50.7198731,-30.7824285],[-50.7199846,-30.7824227],[-50.7200894,-30.7824314],[-50.720086,-30.7826056],[-50.7201131,-30.7826898],[-50.7201773,-30.7827566],[-50.7202854,-30.7827537],[-50.7203935,-30.7827363],[-50.7206098,-30.7826695],[-50.7208531,-30.7826085],[-50.7209545,-30.7825795],[-50.7211674,-30.7825824],[-50.721262,-30.7826143],[-50.7212925,-30.7827014],[-50.7212992,-30.7827973],[-50.7212958,-30.7829976],[-50.7213364,-30.7830876],[-50.7214243,-30.7831485],[-50.7215189,-30.7831863],[-50.7215561,-30.7832676],[-50.7216169,-30.7833402],[-50.7216642,-30.7834302],[-50.7217385,-30.7834998],[-50.7218264,-30.7835405],[-50.7219176,-30.7835666],[-50.7220224,-30.7835666],[-50.7221204,-30.7835347],[-50.7222285,-30.7834853],[-50.7223029,-30.7834273],[-50.7223434,-30.7833489],[-50.7223266,-30.7832531],[-50.7222928,-30.783166],[-50.7222387,-30.7830905],[-50.7221643,-30.7828902],[-50.7221204,-30.7828031],[-50.7220663,-30.7827189],[-50.7219109,-30.7825331],[-50.7217656,-30.7823501],[-50.7217115,-30.7822747],[-50.7216574,-30.782176],[-50.7216236,-30.7820889],[-50.7216034,-30.7819989],[-50.7215425,-30.7818276],[-50.7215223,-30.7817405],[-50.7215121,-30.7815953],[-50.7215121,-30.7815053],[-50.7215223,-30.7814182],[-50.7215594,-30.7812353],[-50.7215594,-30.7810582],[-50.7215256,-30.7809769],[-50.7214209,-30.780974],[-50.7213803,-30.7810582],[-50.7213499,-30.7811395],[-50.7212891,-30.7813195],[-50.721235,-30.781395],[-50.7211471,-30.7814472],[-50.7210491,-30.7814908],[-50.7209579,-30.7815459],[-50.7208667,-30.7815866],[-50.7207687,-30.7816156],[-50.7206639,-30.7816156],[-50.7205558,-30.781604],[-50.7204645,-30.7815605],[-50.7204071,-30.7814879],[-50.7204544,-30.7814124],[-50.7205524,-30.7814327],[-50.7206369,-30.781485],[-50.7207247,-30.7815198],[-50.7208295,-30.7815169],[-50.7209241,-30.7814705],[-50.7210052,-30.7814124],[-50.7210593,-30.7813369],[-50.7210998,-30.7812556],[-50.7211201,-30.7811598],[-50.7211032,-30.7810698],[-50.7210424,-30.7809885],[-50.7209748,-30.780913],[-50.7209309,-30.7808346],[-50.7209174,-30.7807475],[-50.7208633,-30.780553],[-50.7208599,-30.7804659],[-50.7208498,-30.7803701],[-50.7208126,-30.7801494],[-50.7208362,-30.7800594],[-50.720843,-30.7799752],[-50.7208633,-30.7797836],[-50.7209038,-30.7797023],[-50.720968,-30.7796268],[-50.720968,-30.7795339],[-50.7208667,-30.7795078],[-50.7207585,-30.7795049],[-50.720647,-30.7795136],[-50.7205389,-30.7795136],[-50.7204307,-30.779502],[-50.720326,-30.7794759],[-50.7202111,-30.7794817],[-50.7200995,-30.7794817],[-50.7199982,-30.7795223],[-50.7199576,-30.7796065],[-50.7199509,-30.7797023],[-50.7199779,-30.7797865],[-50.7199846,-30.7798823],[-50.7199069,-30.7799433],[-50.7197988,-30.7799346],[-50.7197075,-30.7798881],[-50.7196028,-30.7798765],[-50.7195014,-30.7798794],[-50.7194,-30.7798881],[-50.7192885,-30.7798881],[-50.719177,-30.7798794],[-50.7190655,-30.7798591],[-50.7189506,-30.7798504],[-50.718839,-30.7798243],[-50.7187579,-30.7797633],[-50.7186971,-30.7796907],[-50.7186329,-30.7796036],[-50.7187208,-30.779563],[-50.7187917,-30.7796326],[-50.7188728,-30.7796936],[-50.7189675,-30.7797256],[-50.7190959,-30.7797401],[-50.719204,-30.7797256],[-50.7193426,-30.7796936],[-50.7195453,-30.7796355],[-50.7196298,-30.779592],[-50.7197177,-30.7795194],[-50.7197717,-30.7794642],[-50.7198224,-30.7793946],[-50.7198529,-30.7793162],[-50.7198461,-30.779232],[-50.7197684,-30.7791652],[-50.7196737,-30.7791275],[-50.719596,-30.7790636],[-50.7195588,-30.7789794],[-50.7195555,-30.7788923],[-50.7195183,-30.778811],[-50.7194507,-30.7787355],[-50.7192986,-30.7786165],[-50.7192053,-30.778564],[-50.7172224,-30.7737492],[-50.7161924,-30.7679969],[-50.7144758,-30.7634243],[-50.7124159,-30.7609167],[-50.7117292,-30.7582615],[-50.709326,-30.7539835],[-50.7065794,-30.7492627],[-50.7060644,-30.7469022],[-50.7045194,-30.7433614],[-50.7029745,-30.7380499],[-50.6993696,-30.7317052],[-50.6940481,-30.7106026],[-50.6883833,-30.6943666],[-50.6844351,-30.6738464],[-50.6822035,-30.6598192],[-50.6804868,-30.6413594],[-50.6796285,-30.6245209],[-50.6791136,-30.6096001],[-50.6792852,-30.5952682],[-50.6815168,-30.5741357],[-50.6820318,-30.559355],[-50.6834051,-30.5512247],[-50.6834051,-30.5311176],[-50.68495,-30.5111543],[-50.686,-30.5],[-50.6887953,-30.48129],[-50.6929152,-30.4574693],[-50.6961768,-30.4392669],[-50.6997816,-30.4257979],[-50.7039015,-30.4149918],[-50.7089148,-30.4064501],[-50.7109396,-30.403],[-50.7215903,-30.3883011],[-50.7255308,-30.3828623],[-50.7289641,-30.3748653],[-50.729411,-30.3716844],[-50.7295364,-30.3713571],[-50.7294867,-30.3711842],[-50.7296357,-30.3709406],[-50.7296947,-30.3704477],[-50.7296839,-30.3700612],[-50.7296581,-30.3698992],[-50.7292977,-30.3703204],[-50.7291824,-30.3702579],[-50.729342,-30.3700427],[-50.7295334,-30.3694842],[-50.7294533,-30.369404],[-50.7295306,-30.3692629],[-50.7294881,-30.3691818],[-50.7295595,-30.3690152],[-50.7293943,-30.3689227],[-50.7289812,-30.3680085],[-50.7290724,-30.3676475],[-50.7292709,-30.3676036],[-50.7292119,-30.3674346],[-50.7289825,-30.3674531],[-50.7289705,-30.3672171],[-50.7291555,-30.3670817],[-50.7290898,-30.3668179],[-50.7289479,-30.3666941],[-50.7289437,-30.3664221],[-50.7287639,-30.3666281],[-50.7285427,-30.3670389],[-50.7287425,-30.3680664],[-50.7287505,-30.3692142],[-50.7282248,-30.3694457],[-50.7282999,-30.3706328],[-50.7285145,-30.3707138],[-50.7285655,-30.3703968],[-50.728823,-30.3702278],[-50.7288283,-30.370973],[-50.7286003,-30.3715353],[-50.7283831,-30.3725188],[-50.7279539,-30.3733704],[-50.7274818,-30.3750319],[-50.7269347,-30.3764527],[-50.7266289,-30.3761912],[-50.7265162,-30.3757377],[-50.7263982,-30.3754901],[-50.7264626,-30.3751453],[-50.7267121,-30.374694],[-50.7262963,-30.3746038],[-50.7257116,-30.3756983],[-50.7254782,-30.3756752],[-50.7258779,-30.3748421],[-50.7260361,-30.3740716],[-50.7262534,-30.3736018],[-50.7264519,-30.3727826],[-50.7269266,-30.3722619],[-50.7269722,-30.3716811],[-50.7268059,-30.3693623],[-50.7263956,-30.3672263],[-50.7262453,-30.3670528],[-50.7262078,-30.3660785],[-50.7259744,-30.3654166],[-50.7257035,-30.3650186],[-50.7253709,-30.3647408],[-50.7249505,-30.3646587],[-50.7543091,-30.3493896],[-50.7836488,-30.3343789],[-50.7839879,-30.3341779],[-50.7842281,-30.3344659],[-50.784526,-30.3345819],[-50.7846837,-30.3345414],[-50.7849446,-30.3347089],[-50.785322,-30.3348615],[-50.7854822,-30.3349912],[-50.785733,-30.3349249],[-50.7859607,-30.3350777],[-50.7861377,-30.3354342],[-50.7862477,-30.3353937],[-50.7864166,-30.3356681],[-50.7870788,-30.3357328],[-50.7880263,-30.3361885],[-50.7911583,-30.3358082],[-50.7939666,-30.3371948],[-50.7988303,-30.337093],[-50.800081,-30.3368339],[-50.8031218,-30.336204],[-50.80707,-30.3344261],[-50.8098166,-30.3338335],[-50.8129065,-30.3323519],[-50.8144514,-30.3308702],[-50.8175413,-30.3293886],[-50.8208029,-30.3292404],[-50.8276694,-30.3265733],[-50.8319609,-30.3249434],[-50.8364241,-30.3246471],[-50.8391707,-30.3239062],[-50.8403723,-30.3219799],[-50.8427756,-30.3209427],[-50.8474104,-30.3203499],[-50.8523886,-30.3215354],[-50.8549635,-30.3210908],[-50.8542769,-30.3193127],[-50.8561652,-30.3187199],[-50.8582251,-30.3194609],[-50.8578818,-30.321239],[-50.8611433,-30.321239],[-50.86286,-30.3204981],[-50.8674948,-30.321239],[-50.8702612,-30.3214057],[-50.8748422,-30.3216794],[-50.8798544,-30.3219799],[-50.8839743,-30.3221281],[-50.884146,-30.3200536],[-50.8868925,-30.3210908],[-50.889374,-30.32094],[-50.8925472,-30.3207472],[-50.8935981,-30.3206834],[-50.8986621,-30.3205722],[-50.9010546,-30.320989],[-50.9021168,-30.3214983],[-50.9039836,-30.3206463],[-50.9039407,-30.3205444],[-50.9038012,-30.3205259],[-50.9039192,-30.3204148],[-50.9040265,-30.320424],[-50.9040372,-30.3204981],[-50.9043698,-30.3208038],[-50.9048955,-30.3208038],[-50.9045737,-30.3208408],[-50.9042947,-30.3209519],[-50.9039514,-30.3213131],[-50.9038763,-30.3212483],[-50.9040801,-30.3209241],[-50.9040801,-30.3207667],[-50.9023957,-30.3216002],[-50.9028463,-30.3216465],[-50.9030716,-30.3215169],[-50.9052116,-30.3217899],[-50.9055393,-30.3218317],[-50.9056841,-30.3219035],[-50.9061492,-30.3219031],[-50.9064435,-30.3219028],[-50.9069446,-30.3220315],[-50.9072827,-30.3222902],[-50.9077279,-30.32223],[-50.9094875,-30.3226004],[-50.9109315,-30.3231793],[-50.9117513,-30.323508],[-50.9147446,-30.3252213],[-50.9155815,-30.3260733],[-50.9159462,-30.3260918],[-50.917459,-30.3269993],[-50.9199159,-30.3288422],[-50.9199481,-30.32937],[-50.9203273,-30.3299233],[-50.9209353,-30.3301659],[-50.920939,-30.3302158],[-50.9209764,-30.3305275],[-50.9230487,-30.3319907],[-50.9232418,-30.3325648],[-50.9249032,-30.3346853],[-50.9261815,-30.3364355],[-50.9266429,-30.3367318],[-50.9281862,-30.3379587],[-50.9290891,-30.340556],[-50.9291346,-30.3409357],[-50.9296024,-30.3413777],[-50.9298572,-30.3416671],[-50.9299491,-30.3427692],[-50.9299795,-30.3430097],[-50.9306447,-30.3440097],[-50.9322648,-30.3475003],[-50.9335523,-30.3507594],[-50.9334235,-30.3510556],[-50.9340994,-30.3525832],[-50.9347324,-30.35512],[-50.9356122,-30.3582399],[-50.9364705,-30.3618966],[-50.9379833,-30.3710332],[-50.938451,-30.373721],[-50.9384376,-30.3742173],[-50.9387004,-30.3751754],[-50.9387125,-30.3753998],[-50.9386468,-30.3756613],[-50.9387273,-30.3757747],[-50.9387192,-30.376573],[-50.9388855,-30.3770821],[-50.938856,-30.3776097],[-50.9389553,-30.3788268],[-50.9388506,-30.3791091],[-50.9389311,-30.3793729],[-50.9388962,-30.3798681],[-50.9389687,-30.3803425],[-50.9389284,-30.380796],[-50.9390035,-30.3810158],[-50.9389794,-30.3830196],[-50.9391242,-30.3849493],[-50.9389633,-30.3853195],[-50.9390625,-30.3860877],[-50.938915,-30.3869299],[-50.9389955,-30.387122],[-50.9389821,-30.3879387],[-50.9390733,-30.3888064],[-50.9389633,-30.389984],[-50.9390867,-30.3907198],[-50.9389418,-30.3916406],[-50.9390277,-30.3921311],[-50.9389955,-30.3939542],[-50.9388346,-30.3952891],[-50.9385717,-30.395657],[-50.9385288,-30.3970359],[-50.9382874,-30.397531],[-50.9383786,-30.3980723],[-50.938341,-30.3985443],[-50.9380513,-30.4001336],[-50.9380487,-30.4006634],[-50.9381184,-30.4009364],[-50.9379521,-30.4012348],[-50.9378743,-30.4016836],[-50.9379816,-30.4023221],[-50.9376893,-30.4027917],[-50.9376758,-30.4035644],[-50.9374881,-30.4039438],[-50.9373379,-30.4051629],[-50.9370241,-30.405887],[-50.9369865,-30.4062756],[-50.9366915,-30.4068007],[-50.9367183,-30.4071616],[-50.9365734,-30.4077145],[-50.9365439,-30.4085472],[-50.9364072,-30.4088526],[-50.936316,-30.4095003],[-50.9361067,-30.409875],[-50.9360759,-30.4104267],[-50.9358399,-30.4111461],[-50.9358533,-30.4113589],[-50.9357889,-30.4115035],[-50.9358077,-30.411581],[-50.9358023,-30.4117221],[-50.9357688,-30.4118354],[-50.9357207,-30.4119679],[-50.9356157,-30.4123835],[-50.9356213,-30.4125236],[-50.9355295,-30.4128015],[-50.9355422,-30.4133471],[-50.935058,-30.4144493],[-50.9350701,-30.4146447],[-50.9350084,-30.4147789],[-50.9350432,-30.4149547],[-50.9348974,-30.4154335],[-50.9348689,-30.415718],[-50.9346543,-30.4163391],[-50.9346624,-30.4166027],[-50.9344254,-30.4167833],[-50.9342566,-30.4170932],[-50.9341116,-30.4175384],[-50.9339985,-30.417728],[-50.9338832,-30.4182277],[-50.9335635,-30.4188381],[-50.9334782,-30.41891],[-50.9326279,-30.4211513],[-50.9323624,-30.4221805],[-50.9323758,-30.4223193],[-50.9322095,-30.423071],[-50.9322149,-30.4232329],[-50.9320834,-30.4235729],[-50.9319761,-30.4242112],[-50.9317884,-30.4245073],[-50.9316811,-30.4248426],[-50.9315524,-30.4250068],[-50.9313566,-30.4255758],[-50.9311527,-30.4257169],[-50.9311661,-30.4258695],[-50.9310937,-30.4259759],[-50.9309569,-30.4260361],[-50.9308603,-30.4260245],[-50.930796,-30.4262141],[-50.9304848,-30.4264246],[-50.929876,-30.4273798],[-50.929655,-30.4279466],[-50.9290579,-30.4289085],[-50.9289023,-30.4294405],[-50.9289774,-30.4296001],[-50.9291303,-30.4296648],[-50.9290981,-30.4298637],[-50.9289748,-30.4300349],[-50.9289801,-30.4301979],[-50.9287065,-30.4307171],[-50.9284209,-30.4309946],[-50.9282023,-30.4315751],[-50.9280024,-30.4317301],[-50.927981,-30.4316642],[-50.9279032,-30.4318353],[-50.9276672,-30.4321094],[-50.9274808,-30.4321857],[-50.9273413,-30.4321279],[-50.9271508,-30.4322481],[-50.9270194,-30.432262],[-50.9261316,-30.4328286],[-50.9258265,-30.4328962],[-50.925742,-30.4328968],[-50.9257159,-30.4328587],[-50.9256327,-30.4329072],[-50.9255683,-30.4328702],[-50.9254678,-30.4329778],[-50.9250064,-30.4331847],[-50.9244579,-30.4337074],[-50.9244794,-30.4338554],[-50.9244016,-30.4340057],[-50.9242594,-30.4341237],[-50.9241535,-30.4339468],[-50.9239081,-30.4342509],[-50.924018,-30.4342624],[-50.9239751,-30.4343653],[-50.9236854,-30.4344486],[-50.9236693,-30.4343873],[-50.9226823,-30.4352268],[-50.9224181,-30.4352823],[-50.9214243,-30.4353193],[-50.9209301,-30.4355534],[-50.9207786,-30.4355835],[-50.9206572,-30.4355297],[-50.9204225,-30.4356512],[-50.9198633,-30.4357888],[-50.9196085,-30.4357575],[-50.9190211,-30.4361137],[-50.9185088,-30.4361137],[-50.9183854,-30.4361541],[-50.9177899,-30.4365866],[-50.9172951,-30.436782],[-50.9169289,-30.4367832],[-50.9167372,-30.4367311],[-50.9159526,-30.4374469],[-50.9157863,-30.437507],[-50.9155047,-30.437507],[-50.9152968,-30.4374561],[-50.9150058,-30.4376862],[-50.9145311,-30.4378967],[-50.9143487,-30.4379302],[-50.9138055,-30.4378758],[-50.9137425,-30.4377591],[-50.9135628,-30.4377914],[-50.913371,-30.4377302],[-50.9133187,-30.4376619],[-50.9128332,-30.4381013],[-50.9126884,-30.4381591],[-50.9125006,-30.4381591],[-50.9123021,-30.4380805],[-50.9121975,-30.438173],[-50.9119722,-30.4382169],[-50.911763,-30.4383002],[-50.9116343,-30.4384066],[-50.910961,-30.438654],[-50.9106848,-30.4386725],[-50.909915,-30.4385939],[-50.9097996,-30.4388043],[-50.909172,-30.4392668],[-50.9086758,-30.4393709],[-50.9082761,-30.4392622],[-50.9081554,-30.4394264],[-50.9079798,-30.4395281],[-50.9079234,-30.4396264],[-50.9076413,-30.4398396],[-50.907737,-30.4398958],[-50.9077853,-30.4400149],[-50.9077236,-30.4403075],[-50.9078819,-30.4405306],[-50.907733,-30.4405387],[-50.9078782,-30.4405884],[-50.908071,-30.4405711],[-50.9079704,-30.4404971],[-50.907957,-30.4403768],[-50.9082198,-30.4403121],[-50.9083968,-30.4402057],[-50.9086664,-30.4401722],[-50.9087911,-30.4400369],[-50.9088609,-30.4401306],[-50.9089132,-30.440082],[-50.9088421,-30.439993],[-50.9089749,-30.439838],[-50.9094778,-30.4397027],[-50.9096883,-30.4396773],[-50.9099445,-30.439712],[-50.9100451,-30.4396657],[-50.9101495,-30.4397896],[-50.9103619,-30.4399261],[-50.9103098,-30.4399842],[-50.9103778,-30.4400196],[-50.9103743,-30.4400625],[-50.9104957,-30.4400577],[-50.9105109,-30.4401024],[-50.9106191,-30.4400311],[-50.9105587,-30.439919],[-50.910603,-30.4398773],[-50.9106982,-30.4399282],[-50.9106861,-30.439823],[-50.9107786,-30.439838],[-50.9107465,-30.4397721],[-50.9107921,-30.439727],[-50.9108605,-30.4398137],[-50.9110871,-30.4397143],[-50.9111729,-30.4397548],[-50.9112561,-30.4396854],[-50.9114787,-30.4396438],[-50.9115846,-30.4394958],[-50.9127849,-30.4393848],[-50.9130719,-30.439283],[-50.913308,-30.4393061],[-50.9136218,-30.439172],[-50.9145284,-30.4389084],[-50.9153411,-30.4387303],[-50.9158051,-30.4385222],[-50.916186,-30.4384297],[-50.9168565,-30.4383673],[-50.9173661,-30.4381152],[-50.917688,-30.4380181],[-50.9178999,-30.4380088],[-50.920102,-30.4373058],[-50.9208584,-30.4371139],[-50.9252545,-30.4356824],[-50.926086,-30.4352915],[-50.9274969,-30.4347319],[-50.9285912,-30.4341907],[-50.9292859,-30.4339086],[-50.9297928,-30.433608],[-50.9304929,-30.4332796],[-50.9309784,-30.4331408],[-50.9315282,-30.4327685],[-50.9319788,-30.432602],[-50.9322631,-30.4324077],[-50.9322605,-30.4322967],[-50.9324563,-30.4322874],[-50.9327969,-30.4320932],[-50.9333333,-30.4318688],[-50.9335211,-30.4316769],[-50.9340361,-30.4314479],[-50.9343606,-30.4312167],[-50.9365466,-30.4300626],[-50.9372816,-30.4295723],[-50.9375525,-30.4295052],[-50.9381023,-30.4290866],[-50.9386012,-30.4288554],[-50.9389445,-30.4286079],[-50.9394085,-30.4284321],[-50.9406129,-30.4278007],[-50.940755,-30.427766],[-50.9406853,-30.4276689],[-50.9412029,-30.4274492],[-50.9418064,-30.4270236],[-50.9425682,-30.4266651],[-50.9428632,-30.4264339],[-50.9436035,-30.4260291],[-50.94576,-30.4247108],[-50.9463353,-30.4244101],[-50.9500703,-30.4219538],[-50.9506631,-30.4216185],[-50.9513229,-30.4211258],[-50.9528276,-30.4202793],[-50.9533507,-30.4199393],[-50.9537154,-30.419516],[-50.9551585,-30.4187828],[-50.955078,-30.4187134],[-50.9556681,-30.4183641],[-50.95577,-30.4181976],[-50.9565479,-30.4177836],[-50.9570736,-30.4173765],[-50.9579265,-30.4169139],[-50.9578943,-30.4168653],[-50.958117,-30.4166918],[-50.9594527,-30.4158337],[-50.9602547,-30.4151767],[-50.9610701,-30.4147558],[-50.9612417,-30.4145823],[-50.9621537,-30.4140387],[-50.9621912,-30.4138583],[-50.9629691,-30.4134604],[-50.9631541,-30.4132823],[-50.96416,-30.4126832],[-50.9654796,-30.4116469],[-50.96578,-30.4113069],[-50.9661613,-30.4111753],[-50.9665659,-30.4109414],[-50.9670165,-30.4108304],[-50.9675047,-30.4105135],[-50.9676817,-30.4103145],[-50.9682021,-30.4099305],[-50.9685749,-30.4097062],[-50.9686741,-30.4096992],[-50.9690926,-30.4093129],[-50.9694412,-30.4091741],[-50.9697711,-30.4088618],[-50.970313,-30.4086652],[-50.9722415,-30.4074207],[-50.9730515,-30.4070043],[-50.9744382,-30.4061275],[-50.9749478,-30.4058985],[-50.9756613,-30.4054544],[-50.9770936,-30.4046678],[-50.9775576,-30.4044805],[-50.9781691,-30.4040965],[-50.9806448,-30.4028449],[-50.9810995,-30.4025419],[-50.9858456,-30.4001498],[-50.988619,-30.3988288],[-50.9908372,-30.3979636],[-50.9911376,-30.3977068],[-50.9916459,-30.3974986],[-50.9920241,-30.3974002],[-50.9928864,-30.396904],[-50.9938131,-30.3965593],[-50.994764,-30.3960249],[-50.9954184,-30.3958768],[-50.9957242,-30.3956917],[-50.9960005,-30.3956408],[-50.9960997,-30.3955691],[-50.9959911,-30.3954557],[-50.996667,-30.3951561],[-50.9975642,-30.3948658],[-50.9977654,-30.3947154],[-50.9982495,-30.3944748],[-50.9987953,-30.3942943],[-50.9999795,-30.3938027],[-51.0006367,-30.3935956],[-51.0008673,-30.3934556],[-51.0017417,-30.393126],[-51.0023493,-30.392831],[-51.0025907,-30.3927685],[-51.0029165,-30.3926135],[-51.0030708,-30.3926262],[-51.0034449,-30.3924145],[-51.0045661,-30.3920628],[-51.0048223,-30.3919287],[-51.00615,-30.3914405],[-51.006669,-30.3913202],[-51.0082716,-30.3907406],[-51.0130942,-30.3892402],[-51.0151528,-30.3887011],[-51.0157348,-30.388509],[-51.019316,-30.3876365],[-51.0196897,-30.3875118],[-51.0204327,-30.387388],[-51.0210241,-30.3872249],[-51.0216987,-30.3871277],[-51.0224685,-30.3869253],[-51.0250917,-30.3865065],[-51.0254256,-30.3864082],[-51.0273421,-30.3861155],[-51.0285236,-30.3860044],[-51.0292237,-30.3859501],[-51.0302938,-30.3858344],[-51.030514,-30.385816],[-51.030668,-30.3858031],[-51.0310717,-30.3857615],[-51.034285,-30.385625],[-51.0359694,-30.3857268],[-51.0380897,-30.3857592],[-51.0387415,-30.385832],[-51.0397495,-30.3859059],[-51.0397565,-30.3862088],[-51.040107,-30.386872],[-51.040333,-30.3871843],[-51.0405603,-30.3872395],[-51.0405975,-30.3874071],[-51.0407329,-30.3875101],[-51.0408076,-30.3877486],[-51.0409913,-30.3879686],[-51.0410836,-30.3880558],[-51.0411553,-30.3881066],[-51.0412279,-30.3881458],[-51.0412132,-30.3882131],[-51.0410427,-30.3881698],[-51.0409025,-30.388261],[-51.0409657,-30.3883121],[-51.0409261,-30.3884466],[-51.0410003,-30.3885062],[-51.0410866,-30.3887047],[-51.0416037,-30.3893498],[-51.0415937,-30.3894281],[-51.0417569,-30.3896328],[-51.0419452,-30.389656],[-51.0420658,-30.3895379],[-51.0422993,-30.3896773],[-51.0427762,-30.3896951],[-51.0427735,-30.3895729],[-51.0429054,-30.3895534],[-51.0429941,-30.3894311],[-51.0430163,-30.3893245],[-51.0428946,-30.3891795],[-51.0429485,-30.3890375],[-51.0430926,-30.3889477],[-51.0430924,-30.3888085],[-51.0431591,-30.3886849],[-51.0434742,-30.3885854],[-51.0435711,-30.3885785],[-51.0445619,-30.3885079],[-51.0454041,-30.3884986],[-51.0463549,-30.3886097],[-51.0465963,-30.3886722],[-51.0466342,-30.3887128],[-51.0467833,-30.3888943],[-51.0467208,-30.3890905],[-51.0471712,-30.3896557],[-51.0473892,-30.389743],[-51.0473763,-30.3899494],[-51.0475163,-30.3899505],[-51.0474901,-30.3900247],[-51.047318,-30.390017],[-51.0473852,-30.3904463],[-51.0474643,-30.3904766],[-51.0475039,-30.3905854],[-51.0476571,-30.3906726],[-51.0476999,-30.3908485],[-51.0480119,-30.3910626],[-51.0481451,-30.3911728],[-51.0484003,-30.3912339],[-51.0490478,-30.3911334],[-51.0495165,-30.3908193],[-51.0497037,-30.3908203],[-51.049736,-30.3912265],[-51.0504166,-30.3916449],[-51.0511375,-30.3916061],[-51.0516406,-30.3918934],[-51.0526905,-30.3921334],[-51.0530745,-30.3919861],[-51.0538176,-30.392087],[-51.0548972,-30.3919921],[-51.0553967,-30.3918317],[-51.055451,-30.3915253],[-51.0557783,-30.3915295],[-51.0560598,-30.3899964],[-51.056273,-30.3892514],[-51.0581092,-30.3875394],[-51.058506,-30.3868683],[-51.0589187,-30.3866662],[-51.0593049,-30.3863701],[-51.059659,-30.38575],[-51.0596804,-30.3855001],[-51.0597985,-30.3853427],[-51.059777,-30.3851576],[-51.0599058,-30.3849725],[-51.0955292,-30.3810158],[-51.0958082,-30.3810482],[-51.0965538,-30.3808538],[-51.0973692,-30.380914],[-51.0975677,-30.3806039],[-51.0973048,-30.3801782],[-51.1000212,-30.3774991],[-51.1003089,-30.3773228],[-51.1002928,-30.3766008],[-51.1006254,-30.3758187],[-51.100722,-30.3757724],[-51.100781,-30.374495],[-51.1003089,-30.3744765],[-51.1003304,-30.3743377],[-51.1011495,-30.3739989],[-51.1021328,-30.3738563],[-51.1030306,-30.3749471],[-51.10533,-30.3765591],[-51.1091495,-30.380391],[-51.1149216,-30.3876657],[-51.1177755,-30.3894611],[-51.1209512,-30.3939588],[-51.1219134,-30.3968632],[-51.1226,-30.3998244],[-51.1216593,-30.4031942],[-51.1215306,-30.4054891],[-51.1205435,-30.4071731],[-51.1213696,-30.4089035],[-51.1223027,-30.4093346],[-51.1240733,-30.4101526],[-51.1250711,-30.4116793],[-51.125629,-30.4139184],[-51.12638,-30.4142978],[-51.1269808,-30.4170781],[-51.1276138,-30.4200017],[-51.1274368,-30.4202746],[-51.1275772,-30.42141],[-51.1282683,-30.4228189],[-51.1282039,-30.4236793],[-51.125983,-30.4257516],[-51.1252964,-30.4273289],[-51.125983,-30.4284714],[-51.1262552,-30.4288195],[-51.1265342,-30.4289976],[-51.1265597,-30.4290635],[-51.1267541,-30.429097],[-51.1268185,-30.429045],[-51.1268789,-30.4290866],[-51.127194,-30.4295076],[-51.1272705,-30.4297018],[-51.127882,-30.4326991],[-51.1293197,-30.4337814],[-51.1322808,-30.43491],[-51.1325705,-30.435687],[-51.1330554,-30.4363139],[-51.1354458,-30.4368988],[-51.1380336,-30.4343898],[-51.1397052,-30.4339109],[-51.1409712,-30.4340497],[-51.1426684,-30.4335017],[-51.1444795,-30.431219],[-51.1438057,-30.4297089],[-51.1426985,-30.4293133],[-51.1419261,-30.427241],[-51.1421535,-30.4252128],[-51.1438701,-30.4237326],[-51.1447284,-30.4218083],[-51.14696,-30.420328],[-51.1481434,-30.4202145],[-51.1489749,-30.4189701],[-51.1508632,-30.4153248],[-51.1521098,-30.4144066],[-51.1591479,-30.4114458],[-51.1633,-30.4100899],[-51.1693061,-30.4093754],[-51.1768291,-30.4078927],[-51.1818052,-30.4074692],[-51.1886931,-30.4073767],[-51.1941111,-30.4071639],[-51.1998725,-30.4077931],[-51.2013424,-30.4079411],[-51.2028015,-30.408922],[-51.2044859,-30.4096159],[-51.2057197,-30.4099028],[-51.2063527,-30.4103562],[-51.2068355,-30.4111426],[-51.2068698,-30.4117419],[-51.2069535,-30.4120772],[-51.2078226,-30.4129191],[-51.2079299,-30.4135113],[-51.2097538,-30.4133633],[-51.2143779,-30.4153988],[-51.2156117,-30.416213],[-51.2161589,-30.416065],[-51.2164915,-30.4162593],[-51.2163091,-30.4167126],[-51.2172103,-30.417351],[-51.2177146,-30.4171012],[-51.2181866,-30.4171012],[-51.2189269,-30.4181097],[-51.2193561,-30.4179061],[-51.2203002,-30.418341],[-51.2204504,-30.4189886],[-51.2216199,-30.4184705],[-51.2231863,-30.4190904],[-51.2237978,-30.4203209],[-51.225611,-30.420987],[-51.2258041,-30.4215699],[-51.2275529,-30.4222083],[-51.2286902,-30.4228744],[-51.2299991,-30.4242714],[-51.2312651,-30.4256406],[-51.231029,-30.4264732],[-51.2317479,-30.4282309],[-51.231544,-30.4293225],[-51.2331641,-30.4304881],[-51.233207,-30.431441],[-51.234709,-30.4320515],[-51.2380028,-30.4346972],[-51.2394512,-30.436538],[-51.2393868,-30.4380643],[-51.2408245,-30.4387858],[-51.2420368,-30.4407098],[-51.2439787,-30.4412001],[-51.245867,-30.4433368],[-51.2457383,-30.4451497],[-51.2470687,-30.4459729],[-51.2455666,-30.447462],[-51.2463519,-30.4497814],[-51.2480128,-30.4513281],[-51.2491608,-30.4512634],[-51.2498689,-30.4521143],[-51.2493003,-30.4540843],[-51.2505984,-30.4555086],[-51.2505126,-30.4576079],[-51.2508988,-30.4601327],[-51.2521434,-30.4603639],[-51.2567139,-30.4638688],[-51.2585807,-30.4659588],[-51.2595892,-30.4684741],[-51.2594712,-30.4688902],[-51.2594926,-30.4704068],[-51.2591493,-30.4709893],[-51.2591332,-30.4713222],[-51.2605977,-30.4725798],[-51.2623814,-30.4746441],[-51.2631351,-30.476149],[-51.2631726,-30.4766252],[-51.2640524,-30.4772494],[-51.2753338,-30.5011346],[-51.2752533,-30.5014443],[-51.2755698,-30.5018464],[-51.2756234,-30.5021515],[-51.2759453,-30.5026691],[-51.2926555,-30.5446141],[-51.2990284,-30.5607089],[-51.3013029,-30.5683765],[-51.3017535,-30.573254],[-51.3034702,-30.5859452],[-51.3040495,-30.5991889],[-51.3028479,-30.6263539],[-51.3009994,-30.6454947],[-51.3005305,-30.6496349],[-51.2943292,-30.6985416],[-51.2935782,-30.7075451],[-51.2938142,-30.7175993],[-51.2951446,-30.7385713],[-51.2947583,-30.7469441],[-51.2937284,-30.7542835],[-51.29234,-30.7583363],[-51.2914753,-30.7643328],[-51.2827635,-30.7975526],[-51.281933,-30.8052897],[-51.2827484,-30.8101828],[-51.2839179,-30.8144399],[-51.2853019,-30.8159971],[-51.2887351,-30.8177662],[-51.2904009,-30.8184584],[-51.2940566,-30.8199775],[-51.2980048,-30.8199775],[-51.3002364,-30.818061],[-51.3004188,-30.8172963],[-51.3000647,-30.8165361],[-51.3006441,-30.8156562],[-51.3002043,-30.8139745],[-51.2994157,-30.8130508],[-51.2984313,-30.8124139],[-51.2978748,-30.8124732],[-51.2977038,-30.8129728],[-51.2984659,-30.8137478],[-51.2986538,-30.8148356],[-51.2976105,-30.8147897],[-51.2970781,-30.8147668],[-51.2956854,-30.8136773],[-51.2942702,-30.8131141],[-51.2933056,-30.8124219],[-51.2869971,-30.8092429],[-51.2851517,-30.8066166],[-51.2847655,-30.8047644],[-51.2845723,-30.8029306],[-51.2849264,-30.8012349],[-51.2851195,-30.7993642],[-51.2875657,-30.796839],[-51.2916534,-30.7940281],[-51.3019638,-30.7901296],[-51.3081329,-30.7884245],[-51.3119899,-30.7873692],[-51.3155679,-30.7859083],[-51.3246875,-30.7820832],[-51.326624,-30.7805899],[-51.3271122,-30.7797604],[-51.323679,-30.7815947],[-51.3209592,-30.7824933],[-51.3187759,-30.782968],[-51.313626,-30.7835579],[-51.309077,-30.783687],[-51.3072531,-30.7839174],[-51.304528,-30.7834197],[-51.3024466,-30.7816684],[-51.2939601,-30.770358],[-51.2933378,-30.7658593],[-51.294754,-30.7596087],[-51.2953336,-30.756441],[-51.2961166,-30.7497801],[-51.2974899,-30.7388625],[-51.2980048,-30.732813],[-51.2998931,-30.7297143],[-51.3000603,-30.7277026],[-51.3000648,-30.7276485],[-51.3022964,-30.7255826],[-51.3033907,-30.7202886],[-51.3046996,-30.7177614],[-51.3064162,-30.7137768],[-51.3110511,-30.7092016],[-51.3158576,-30.7030027],[-51.313626,-30.6993126],[-51.3144843,-30.6979842],[-51.3165443,-30.6965081],[-51.3148277,-30.6939987],[-51.3155143,-30.691194],[-51.313626,-30.6875035],[-51.3148277,-30.6851415],[-51.3177459,-30.682189],[-51.3192909,-30.6804174],[-51.3194625,-30.6786458],[-51.3168876,-30.6771694],[-51.3167159,-30.6743642],[-51.3184325,-30.6678677],[-51.3187759,-30.6621091],[-51.3175742,-30.6600418],[-51.3182609,-30.6563502],[-51.3163726,-30.6535444],[-51.3175742,-30.6498525],[-51.3177835,-30.6469219],[-51.319559,-30.6444065],[-51.3283889,-30.6370034],[-51.3343971,-30.6339017],[-51.3398902,-30.6319815],[-51.3464133,-30.6315384],[-51.3534515,-30.6315384],[-51.3615195,-30.6325723],[-51.3687293,-30.6350833],[-51.3743942,-30.6377419],[-51.3770721,-30.6393803],[-51.3776395,-30.6399451],[-51.3805721,-30.6432066],[-51.383147,-30.6488187],[-51.385722,-30.6517723],[-51.3862369,-30.6553165],[-51.3868947,-30.6584793],[-51.3869492,-30.6596538],[-51.3859427,-30.661015],[-51.3865091,-30.6616996],[-51.3868105,-30.6624736],[-51.3880947,-30.6628047],[-51.3887323,-30.6636674],[-51.3889756,-30.664396],[-51.3892493,-30.6646762],[-51.3892399,-30.6652801],[-51.388597,-30.6656071],[-51.3886042,-30.6656719],[-51.3886161,-30.665778],[-51.389376,-30.6654831],[-51.3896346,-30.6654504],[-51.3902732,-30.6652682],[-51.3906068,-30.6656777],[-51.3908462,-30.6661078],[-51.3909744,-30.6664176],[-51.3909952,-30.6665592],[-51.3909864,-30.6666468],[-51.3910332,-30.6668219],[-51.3919633,-30.6666364],[-51.3919807,-30.6667771],[-51.3915886,-30.6670066],[-51.3910261,-30.6672585],[-51.3874988,-30.6676862],[-51.3875512,-30.6679028],[-51.3897478,-30.6676544],[-51.3900882,-30.6679104],[-51.3902602,-30.6681665],[-51.3900938,-30.6683344],[-51.3899742,-30.6684132],[-51.3898584,-30.6685927],[-51.3908093,-30.6700779],[-51.3910453,-30.6702302],[-51.3925777,-30.6791631],[-51.3925903,-30.6792363],[-51.3920753,-30.6818937],[-51.3929336,-30.6839605],[-51.3934486,-30.6877988],[-51.3944785,-30.6908988],[-51.3941352,-30.6937035],[-51.3960235,-30.7031503],[-51.3984267,-30.7114154],[-51.3986058,-30.7116077],[-51.3997542,-30.7128817],[-51.4025466,-30.731485],[-51.4042632,-30.7428461],[-51.4051215,-30.7561236],[-51.4042632,-30.7580413],[-51.4040916,-30.7657163],[-51.4035766,-30.7711692],[-51.4032333,-30.7814933],[-51.4004756,-30.7902928],[-51.3986806,-30.7960199],[-51.3961458,-30.8063165],[-51.3965643,-30.8071827],[-51.396296,-30.8074776],[-51.3962638,-30.8084543],[-51.3959592,-30.8086531],[-51.3944785,-30.8164394],[-51.3936202,-30.8241051],[-51.3910453,-30.8325073],[-51.3903516,-30.8348237],[-51.3879554,-30.8428248],[-51.3874084,-30.8464438],[-51.3860675,-30.8494733],[-51.383839,-30.8545207],[-51.3815396,-30.8591371],[-51.3808551,-30.8604773],[-51.3800132,-30.862066],[-51.3791477,-30.8636685],[-51.3778407,-30.8658511],[-51.3765668,-30.8675822],[-51.3757125,-30.8686666],[-51.3748528,-30.8694562],[-51.3737129,-30.8707409],[-51.3730048,-30.8715559],[-51.37253,-30.8719081],[-51.3709652,-30.8732438],[-51.3721347,-30.8741681],[-51.3738741,-30.875188],[-51.3780607,-30.8765883],[-51.3824453,-30.8775522],[-51.38616,-30.8783688],[-51.3862709,-30.8783932],[-51.391732,-30.8787799],[-51.3937919,-30.8787799],[-51.3968818,-30.8780432],[-51.3994567,-30.8787799],[-51.4025466,-30.8777486],[-51.4059798,-30.8778959],[-51.4100997,-30.8777486],[-51.4143913,-30.8755386],[-51.4197128,-30.8758332],[-51.4265792,-30.8742126],[-51.4329307,-30.8740652],[-51.4377372,-30.8722972],[-51.4384238,-30.8703817],[-51.4408271,-30.8697924],[-51.4437453,-30.8702344],[-51.4456336,-30.8712658],[-51.4479621,-30.8727694],[-51.4516046,-30.8738206],[-51.4564111,-30.8764727],[-51.4651658,-30.8822185],[-51.4708306,-30.8856069],[-51.4783837,-30.8912048],[-51.4832459,-30.8960387],[-51.488554,-30.9013155],[-51.4897985,-30.9028735],[-51.4909397,-30.9042894],[-51.4916968,-30.9053293],[-51.4924276,-30.9063901],[-51.4927651,-30.9069273],[-51.4928543,-30.9070855],[-51.4929404,-30.907217],[-51.4933276,-30.907771],[-51.4936488,-30.9083399],[-51.4938802,-30.9089631],[-51.4939953,-30.9096746],[-51.4941108,-30.9100954],[-51.4942597,-30.9105241],[-51.4944422,-30.910861],[-51.4945045,-30.9108698],[-51.4945594,-30.9108494],[-51.494599,-30.9108041],[-51.4947094,-30.9107979],[-51.4949811,-30.9110413],[-51.4950944,-30.9111534],[-51.4950201,-30.911368],[-51.4949092,-30.911443],[-51.4953437,-30.9119267],[-51.496248,-30.9132929],[-51.4970489,-30.9153722],[-51.4974493,-30.9164737],[-51.4980857,-30.9185556],[-51.4987197,-30.9206293],[-51.500296,-30.9278436],[-51.5003247,-30.9286269],[-51.5005548,-30.9293361],[-51.5005931,-30.9296184],[-51.5008064,-30.9311926],[-51.5005404,-30.9317476],[-51.5006339,-30.9322534],[-51.5009502,-30.933715],[-51.5007968,-30.9341989],[-51.5001847,-30.9414244],[-51.4994981,-30.9493746],[-51.4994029,-30.9521043],[-51.4996697,-30.9546744],[-51.4998414,-30.96071],[-51.4994981,-30.9711608],[-51.4972665,-30.9839652],[-51.4929749,-31.0001522],[-51.4904,-31.0110401],[-51.4862802,-31.0219268],[-51.4819886,-31.0320768],[-51.4776971,-31.0423727],[-51.4734056,-31.0510499],[-51.469114,-31.0582557],[-51.4668824,-31.062079],[-51.4646508,-31.065314],[-51.4620598,-31.0698308],[-51.4575697,-31.0756063],[-51.4571307,-31.0762331],[-51.4567345,-31.0768966],[-51.4557706,-31.0780216],[-51.4541312,-31.0797735],[-51.4525594,-31.0813687],[-51.4508642,-31.0830052],[-51.4498772,-31.0838279],[-51.4491557,-31.0843356],[-51.4483859,-31.0848088],[-51.4468141,-31.0856357],[-51.4462636,-31.0859045],[-51.4457452,-31.0861732],[-51.444419,-31.086925],[-51.4432407,-31.0875287],[-51.4430711,-31.0876554],[-51.4429437,-31.0878259],[-51.4430107,-31.0880085],[-51.4430255,-31.088268],[-51.4433339,-31.0885987],[-51.4443826,-31.0888194],[-51.4448903,-31.0890468],[-51.4454193,-31.0891364],[-51.4458244,-31.089311],[-51.4461355,-31.0895774],[-51.4467993,-31.0897657],[-51.4477964,-31.0899081],[-51.4488207,-31.0901263],[-51.4507033,-31.0902986],[-51.4524521,-31.0906385],[-51.4540216,-31.0910907],[-51.4558961,-31.0916308],[-51.4571299,-31.0921912],[-51.4576502,-31.092646],[-51.4579238,-31.0931375],[-51.4585193,-31.0936429],[-51.4591255,-31.0939093],[-51.4610835,-31.0950209],[-51.4619981,-31.0954114],[-51.4623696,-31.0957444],[-51.4626948,-31.0958742],[-51.4632115,-31.0959483],[-51.4639642,-31.0961877],[-51.4670004,-31.096987],[-51.4674108,-31.097173],[-51.4675208,-31.0974509],[-51.4694573,-31.097823],[-51.4705946,-31.0980527],[-51.4707448,-31.0981262],[-51.4710237,-31.0980343],[-51.4713456,-31.098071],[-51.4721825,-31.0981813],[-51.4737489,-31.0984753],[-51.4858725,-31.1012588],[-51.4863767,-31.1014426],[-51.4878626,-31.1016538],[-51.4883481,-31.1015206],[-51.4885158,-31.1013622],[-51.4889536,-31.1013197],[-51.4895417,-31.1014793],[-51.4928033,-31.1019938],[-51.4956572,-31.1025634],[-51.4962687,-31.1027563],[-51.4975294,-31.1027333],[-51.4998012,-31.1030158],[-51.5025988,-31.1029676],[-51.5035375,-31.1029951],[-51.5043288,-31.1031743],[-51.505057,-31.1034016],[-51.5052494,-31.103304],[-51.5063863,-31.1035859],[-51.5081886,-31.1038739],[-51.5109994,-31.104566],[-51.5175225,-31.1063297],[-51.5242173,-31.1089753],[-51.5295388,-31.110445],[-51.533487,-31.1117678],[-51.5353632,-31.112723],[-51.5365648,-31.1137058],[-51.5370798,-31.1143488],[-51.5373495,-31.1149736],[-51.5377745,-31.1157324],[-51.53802,-31.1160298],[-51.5390003,-31.1159011],[-51.5393114,-31.1155612],[-51.5394522,-31.1149184],[-51.5401925,-31.1143168],[-51.5404876,-31.1141445],[-51.5407102,-31.11359],[-51.5409396,-31.1128993],[-51.541065,-31.1125448],[-51.5431001,-31.1122087],[-51.545675,-31.1119148],[-51.5485932,-31.1120617],[-51.5513398,-31.1129435],[-51.5544297,-31.1148541],[-51.557348,-31.1172055],[-51.5600945,-31.1198508],[-51.5614678,-31.122349],[-51.5633561,-31.1248472],[-51.565931,-31.1274922],[-51.5681626,-31.1288147],[-51.5717675,-31.1295495],[-51.5767457,-31.1291086],[-51.5813806,-31.1288147],[-51.5827538,-31.1295495],[-51.5836509,-31.129714],[-51.5851571,-31.1299903],[-51.5880754,-31.1298433],[-51.5901353,-31.1304311],[-51.5939118,-31.1295495],[-51.5970017,-31.1295495],[-51.6011216,-31.130725],[-51.6066148,-31.1333699],[-51.6086872,-31.1345356],[-51.6126229,-31.1367494],[-51.6177728,-31.1402756],[-51.621206,-31.1435079],[-51.6234376,-31.1476216],[-51.6273858,-31.153498],[-51.630304,-31.1586396],[-51.631849,-31.1636339],[-51.632364,-31.1668654],[-51.6347672,-31.1725938],[-51.6382005,-31.1827276],[-51.6407754,-31.1928604],[-51.6421487,-31.2024048],[-51.6428353,-31.2110673],[-51.6423203,-31.2219311],[-51.6418054,-31.2279496],[-51.6406037,-31.2333807],[-51.6383721,-31.2439484],[-51.6345956,-31.2549551],[-51.6327073,-31.2589172],[-51.630304,-31.261852],[-51.6277291,-31.264053],[-51.6248109,-31.265667],[-51.6232659,-31.2655203],[-51.6220643,-31.2643465],[-51.6200044,-31.2639063],[-51.6186311,-31.2653736],[-51.6177969,-31.266701],[-51.6171623,-31.2682942],[-51.6164477,-31.2707269],[-51.6166194,-31.2712289],[-51.6171076,-31.2713344],[-51.6172095,-31.2712128],[-51.6168957,-31.2709813],[-51.6169211,-31.2707364],[-51.6170772,-31.2704862],[-51.617666,-31.269919],[-51.6191326,-31.2690532],[-51.6209447,-31.2684026],[-51.6224036,-31.2681924],[-51.6246256,-31.268117],[-51.6305401,-31.26873],[-51.6460969,-31.2699221],[-51.6598298,-31.2700689],[-51.6763093,-31.2693352],[-51.687124,-31.2680147],[-51.6994836,-31.2659605],[-51.7090966,-31.2649334],[-51.7149331,-31.265667],[-51.7175006,-31.2669595],[-51.7193635,-31.267877],[-51.7200681,-31.2688289],[-51.7207801,-31.2697908],[-51.7224862,-31.270509],[-51.7255761,-31.2727099],[-51.7272927,-31.2746172],[-51.7285702,-31.2778518],[-51.7312884,-31.2787327],[-51.7342046,-31.2798142],[-51.7385859,-31.2816645],[-51.7399618,-31.2823926],[-51.7432167,-31.2834219],[-51.7433792,-31.2848592],[-51.7437547,-31.2850059],[-51.7440498,-31.2849234],[-51.7443248,-31.2839837],[-51.7453774,-31.2843056],[-51.7462921,-31.2847171],[-51.7467789,-31.2851151],[-51.7475864,-31.2852948],[-51.7479461,-31.2863539],[-51.7480517,-31.2870689],[-51.749323,-31.287564],[-51.7497307,-31.2875514],[-51.7499403,-31.2875542],[-51.7501827,-31.2875503],[-51.7507929,-31.2879811],[-51.7515332,-31.2879032],[-51.752366,-31.2875411],[-51.7534858,-31.2873577],[-51.7542168,-31.2876741],[-51.754324,-31.2876935],[-51.7544568,-31.2876488],[-51.7544769,-31.2875376],[-51.7546857,-31.2874107],[-51.7550066,-31.2872156],[-51.755413,-31.2870644],[-51.7561412,-31.2870551],[-51.7568386,-31.2863491],[-51.7571618,-31.2853269],[-51.7587068,-31.2847401],[-51.7598816,-31.2835711],[-51.7617967,-31.2831264],[-51.7635133,-31.2831264],[-51.7646183,-31.2818703],[-51.7649637,-31.2816009],[-51.7652942,-31.281201],[-51.7664315,-31.2818061],[-51.7678048,-31.2818061],[-51.7691781,-31.282833],[-51.7705514,-31.2822462],[-51.7696931,-31.280339],[-51.7666032,-31.2794588],[-51.7674615,-31.2778449],[-51.7700364,-31.2763778],[-51.7736413,-31.2747639],[-51.7782601,-31.2738607],[-51.7792713,-31.2739043],[-51.7797929,-31.2741369],[-51.7810763,-31.273636],[-51.7826428,-31.2736269],[-51.7836245,-31.2735444],[-51.783772,-31.2738286],[-51.7842749,-31.2736406],[-51.7842359,-31.2733528],[-51.7842252,-31.2731663],[-51.7844344,-31.273026],[-51.7875459,-31.2728566],[-51.7932107,-31.2732967],[-51.7976739,-31.2746172],[-51.8021371,-31.2769647],[-51.8055703,-31.2796055],[-51.8083169,-31.2820995],[-51.8100335,-31.2840066],[-51.8120505,-31.2860421],[-51.8126456,-31.2864507],[-51.8155639,-31.2901181],[-51.8195121,-31.2927585],[-51.8270652,-31.3025861],[-51.83273,-31.3052262],[-51.8421714,-31.3190121],[-51.8440597,-31.3234115],[-51.8466346,-31.3248779],[-51.8493812,-31.326051],[-51.8517845,-31.3275128],[-51.852581,-31.3278663],[-51.8538941,-31.3286373],[-51.8549978,-31.329474],[-51.8557444,-31.3302587],[-51.8570329,-31.3322314],[-51.8573019,-31.3327776],[-51.8575484,-31.332866],[-51.8576048,-31.3327296],[-51.8581796,-31.3322312],[-51.8579645,-31.3319084],[-51.8578597,-31.3313527],[-51.8588226,-31.3285438],[-51.8591659,-31.3257577],[-51.8603675,-31.3247312],[-51.8605392,-31.3226783],[-51.8596809,-31.3217984],[-51.8595092,-31.3237048],[-51.8583076,-31.3245846],[-51.8576209,-31.3237048],[-51.8577926,-31.3222383],[-51.856591,-31.3185722],[-51.8562476,-31.3163724],[-51.8583076,-31.313586],[-51.8603675,-31.3109462],[-51.8586509,-31.3102129],[-51.8613975,-31.3081596],[-51.8615691,-31.3096262],[-51.8631141,-31.3090396],[-51.8650024,-31.3081596],[-51.866719,-31.3065462],[-51.8643157,-31.3068396],[-51.8653457,-31.3047862],[-51.8684356,-31.3025861],[-51.8725555,-31.2990659],[-51.8708389,-31.2984792],[-51.8699805,-31.2968657],[-51.866719,-31.296279],[-51.8674056,-31.2937853],[-51.8698361,-31.2947199],[-51.8708389,-31.2951055],[-51.8705589,-31.292579],[-51.8723838,-31.2933453],[-51.8737571,-31.2948121],[-51.8754737,-31.2973057],[-51.876332,-31.299946],[-51.8753021,-31.3018528],[-51.8732421,-31.3028795],[-51.8744437,-31.3059596],[-51.8737571,-31.3075729],[-51.8749767,-31.3092561],[-51.8759887,-31.3106528],[-51.8781786,-31.3109201],[-51.878392,-31.3109462],[-51.8821685,-31.3144659],[-51.8802802,-31.3144659],[-51.8815506,-31.3152398],[-51.8816535,-31.3166657],[-51.8799369,-31.3217984],[-51.8791272,-31.3230831],[-51.8787353,-31.3237048],[-51.8821685,-31.3234115],[-51.8844001,-31.3213585],[-51.8852584,-31.3184256],[-51.88852,-31.3169591],[-51.8904083,-31.3150526],[-51.8952148,-31.3141726],[-51.9008796,-31.3129994],[-51.9046561,-31.3134394],[-51.9068877,-31.3132927],[-51.909806,-31.3116795],[-51.9118659,-31.3105062],[-51.9154708,-31.3100662],[-51.9197623,-31.3110928],[-51.9218223,-31.3150526],[-51.9271438,-31.3171057],[-51.9307487,-31.3217984],[-51.9298904,-31.3229716],[-51.930577,-31.3257577],[-51.9297187,-31.3275173],[-51.9276588,-31.3281039],[-51.9242255,-31.3281039],[-51.9218223,-31.3278106],[-51.9211356,-31.3264909],[-51.919934,-31.3282505],[-51.9225089,-31.3326494],[-51.9255988,-31.3326494],[-51.930062,-31.3347022],[-51.9336669,-31.335142],[-51.9365852,-31.3357285],[-51.9364135,-31.3347022],[-51.9381301,-31.3348488],[-51.9410484,-31.3367549],[-51.9434516,-31.3386609],[-51.9449966,-31.3391008],[-51.9467132,-31.3389542],[-51.951863,-31.3423263],[-51.9563262,-31.3481906],[-51.9568412,-31.3500964],[-51.9580428,-31.3515624],[-51.9597165,-31.3522403],[-51.9605393,-31.3535043],[-51.9599767,-31.3539402],[-51.9599311,-31.3544943],[-51.9613044,-31.3585988],[-51.961991,-31.3637292],[-51.9618194,-31.3673935],[-51.9614453,-31.3684432],[-51.9611709,-31.369213],[-51.9606178,-31.3707646],[-51.9599311,-31.3723769],[-51.9576995,-31.37267],[-51.9531135,-31.3738664],[-51.9517557,-31.3743005],[-51.9490968,-31.3743784],[-51.9478926,-31.3741059],[-51.9468122,-31.3744691],[-51.9469403,-31.3747906],[-51.9500925,-31.37558],[-51.951348,-31.3758944],[-51.9521584,-31.3758944],[-51.9531026,-31.3758944],[-51.9531824,-31.3758944],[-51.953521,-31.3758944],[-51.9546007,-31.3758672],[-51.9547618,-31.3758732],[-51.9557947,-31.3765674],[-51.9563262,-31.3769203],[-51.9575465,-31.377337],[-51.9576483,-31.3773718],[-51.958101,-31.3775264],[-51.9584064,-31.3776541],[-51.958591,-31.3777526],[-51.9587081,-31.377789],[-51.9587862,-31.3778391],[-51.9589693,-31.3778212],[-51.9590279,-31.3778611],[-51.9590846,-31.3779028],[-51.9592692,-31.3778875],[-51.9593238,-31.3778576],[-51.9593584,-31.3777734],[-51.9594614,-31.3776506],[-51.9595279,-31.3776227],[-51.959598,-31.3776177],[-51.9596556,-31.3776126],[-51.9597399,-31.3776302],[-51.9598103,-31.3776588],[-51.9598345,-31.3777102],[-51.9598376,-31.3777772],[-51.9598992,-31.3779499],[-51.9599982,-31.3780699],[-51.9601263,-31.3781673],[-51.9612582,-31.3785394],[-51.9613123,-31.3785968],[-51.9613415,-31.3786693],[-51.9613235,-31.37879],[-51.9614207,-31.3787883],[-51.9615259,-31.3787972],[-51.9616313,-31.3788435],[-51.9616546,-31.3788491],[-51.9616744,-31.3788396],[-51.9616359,-31.3787849],[-51.9615242,-31.3786787],[-51.9615442,-31.3785698],[-51.961598,-31.3784639],[-51.9618736,-31.3783783],[-51.9620574,-31.3783487],[-51.9622072,-31.3783641],[-51.9622905,-31.3782883],[-51.9623551,-31.378264],[-51.9623442,-31.3781653],[-51.9623956,-31.3781245],[-51.9624594,-31.3781076],[-51.9625954,-31.378117],[-51.962951,-31.3781398],[-51.9633514,-31.3782469],[-51.9636946,-31.3783838],[-51.9638881,-31.3784564],[-51.9639887,-31.3785283],[-51.9640198,-31.3786271],[-51.9640702,-31.3786283],[-51.9641221,-31.3786505],[-51.9641995,-31.3786945],[-51.9643483,-31.3787018],[-51.9644177,-31.3786662],[-51.9644809,-31.3786121],[-51.9645423,-31.3785952],[-51.9646187,-31.378622],[-51.9647638,-31.3786361],[-51.9649241,-31.378584],[-51.9649269,-31.3785355],[-51.9649638,-31.3785042],[-51.9650754,-31.3784918],[-51.9651375,-31.3784476],[-51.9652738,-31.3784526],[-51.9653032,-31.3783986],[-51.9653419,-31.3783908],[-51.9653746,-31.378414],[-51.9654214,-31.3783798],[-51.9653771,-31.3783299],[-51.9653963,-31.378272],[-51.9654945,-31.3782102],[-51.9659232,-31.37816],[-51.9664038,-31.3780322],[-51.9665254,-31.37821],[-51.9666283,-31.3783879],[-51.9666697,-31.3784821],[-51.9666923,-31.3785703],[-51.9667411,-31.3787042],[-51.9667745,-31.3788377],[-51.9667778,-31.3788488],[-51.966788,-31.3788586],[-51.9668057,-31.3788587],[-51.9668256,-31.378847],[-51.9668285,-31.3788247],[-51.9668208,-31.3787708],[-51.966793,-31.3786819],[-51.9667191,-31.37851],[-51.966693,-31.3784254],[-51.9666546,-31.3783408],[-51.9665759,-31.3782065],[-51.9665687,-31.3781811],[-51.9665897,-31.3781716],[-51.9666208,-31.378177],[-51.9666576,-31.3781998],[-51.9666943,-31.378235],[-51.9667454,-31.3782958],[-51.966897,-31.3784115],[-51.9670309,-31.3784494],[-51.9671675,-31.3784619],[-51.9672934,-31.378463],[-51.9673922,-31.3784387],[-51.9677472,-31.3781902],[-51.967915,-31.3780555],[-51.9679938,-31.377975],[-51.9680297,-31.3778945],[-51.9680656,-31.3778694],[-51.9681076,-31.3778509],[-51.9681978,-31.3778469],[-51.968268,-31.3778515],[-51.9683396,-31.377864],[-51.9684502,-31.377884],[-51.9685593,-31.3779226],[-51.9687329,-31.3780073],[-51.9688565,-31.3780802],[-51.9690483,-31.3782108],[-51.9691571,-31.3783025],[-51.969199,-31.3783483],[-51.9692254,-31.3783967],[-51.9692473,-31.3784897],[-51.9692377,-31.3785481],[-51.969222,-31.3786052],[-51.9691867,-31.3787168],[-51.9691495,-31.3787951],[-51.9691302,-31.3788329],[-51.9690966,-31.3788346],[-51.9690759,-31.3788447],[-51.9690771,-31.378867],[-51.9690969,-31.3788733],[-51.9691696,-31.3788886],[-51.9692423,-31.3788722],[-51.9694568,-31.3786973],[-51.9695207,-31.3786916],[-51.9695877,-31.3787109],[-51.9696457,-31.3787642],[-51.9696655,-31.3789146],[-51.9697208,-31.3789976],[-51.9698283,-31.3791313],[-51.9698805,-31.3791404],[-51.9699065,-31.3791277],[-51.9699465,-31.3791323],[-51.9700044,-31.3791849],[-51.9700256,-31.3792543],[-51.9700846,-31.3792736],[-51.9701482,-31.3792745],[-51.9701963,-31.3792555],[-51.9702142,-31.3792262],[-51.9702432,-31.3792108],[-51.9702723,-31.3792114],[-51.970313,-31.3792332],[-51.9703358,-31.3792847],[-51.9703721,-31.3793105],[-51.9704347,-31.3793296],[-51.9705432,-31.3793355],[-51.9706292,-31.3793401],[-51.9706738,-31.3793298],[-51.9707183,-31.3792997],[-51.9707575,-31.3792806],[-51.9708183,-31.379268],[-51.970906,-31.3792694],[-51.9709451,-31.379292],[-51.9709536,-31.3793319],[-51.9709509,-31.3793837],[-51.9709653,-31.3794143],[-51.9711086,-31.3793564],[-51.9712303,-31.3792852],[-51.9712839,-31.37922],[-51.9713812,-31.3791599],[-51.9715064,-31.3791342],[-51.9715853,-31.3791277],[-51.9716643,-31.3790552],[-51.9717449,-31.3790647],[-51.9719199,-31.379081],[-51.9721836,-31.3790568],[-51.9723636,-31.3790781],[-51.9724433,-31.3790951],[-51.9725213,-31.3791228],[-51.9725723,-31.3792009],[-51.9726512,-31.3792205],[-51.9727095,-31.3792809],[-51.9727621,-31.3793641],[-51.9730085,-31.3793744],[-51.9731095,-31.3793976],[-51.9731794,-31.3794602],[-51.9733583,-31.3794629],[-51.9735043,-31.3794595],[-51.973567,-31.379474],[-51.9736676,-31.3795121],[-51.9737478,-31.3795154],[-51.97387,-31.3795516],[-51.9739478,-31.3796091],[-51.9740518,-31.3797515],[-51.9742555,-31.379964],[-51.9744878,-31.3801729],[-51.9749013,-31.3801703],[-51.9753106,-31.3801258],[-51.975533,-31.38026],[-51.9765905,-31.3806819],[-51.978162,-31.3816189],[-51.9790927,-31.3822722],[-51.9800704,-31.3829012],[-51.9813619,-31.3844755],[-51.9815969,-31.3849499],[-51.981926,-31.3853825],[-51.9821756,-31.3859826],[-51.983075,-31.3879214],[-51.9834033,-31.3885775],[-51.9838174,-31.3891708],[-51.984661,-31.3907276],[-51.985379,-31.3920741],[-51.9860458,-31.3933804],[-51.9868701,-31.394995],[-51.9876656,-31.396893],[-51.9882794,-31.398558],[-51.9891004,-31.4010581],[-51.9897179,-31.4028072],[-51.9902864,-31.4046017],[-51.9912234,-31.4077903],[-51.9921691,-31.4111091],[-51.9926134,-31.4126306],[-51.9929842,-31.4141486],[-51.9932632,-31.4153141],[-51.993579,-31.4164657],[-51.9941108,-31.4184259],[-51.9944137,-31.4196446],[-51.9947493,-31.4208024],[-51.9957673,-31.4244785],[-51.9958427,-31.4252277],[-51.9959008,-31.4253995],[-51.9959951,-31.4254279],[-51.996065,-31.4255051],[-51.9961852,-31.4257999],[-51.9963847,-31.4267138],[-51.9965906,-31.4271987],[-51.9967393,-31.4276487],[-51.9974084,-31.4300625],[-51.9981837,-31.4324553],[-51.9987662,-31.4339236],[-51.9992174,-31.435432],[-51.9999368,-31.4384967],[-52.0009417,-31.442289],[-52.0016901,-31.4464535],[-52.0024197,-31.4505739],[-52.0032897,-31.4560533],[-52.0039562,-31.4617075],[-52.0040556,-31.4644367],[-52.0043521,-31.4671658],[-52.0046767,-31.4699269],[-52.0049919,-31.4727161],[-52.0054864,-31.4767279],[-52.0061404,-31.4807398],[-52.0067049,-31.4843143],[-52.0069647,-31.4869104],[-52.0072729,-31.4880643],[-52.0074685,-31.4895144],[-52.0077728,-31.4912855],[-52.0079645,-31.4930566],[-52.0080166,-31.4946571],[-52.007928,-31.4962816],[-52.0077032,-31.4977481],[-52.0076943,-31.4992226],[-52.0076482,-31.4995781],[-52.0075482,-31.4999336],[-52.0073728,-31.5002431],[-52.0071934,-31.5004185],[-52.0075066,-31.5002742],[-52.007678,-31.5001974],[-52.0078117,-31.5005618],[-52.007884,-31.5007345],[-52.0082799,-31.5016776],[-52.0086829,-31.5024362],[-52.0116012,-31.5128273],[-52.0153777,-31.5302408],[-52.0165794,-31.5374101],[-52.0169227,-31.546627],[-52.0160644,-31.5587684],[-52.0148628,-31.5697383],[-52.0131461,-31.5790982],[-52.0114295,-31.584509],[-52.0107429,-31.5890421],[-52.0109145,-31.5928439],[-52.0117728,-31.5944523],[-52.0125453,-31.5955855],[-52.0135914,-31.5962754],[-52.0136246,-31.596748],[-52.0134197,-31.5969699],[-52.0126094,-31.5972912],[-52.0107429,-31.597669],[-52.0102279,-31.5994236],[-52.0110862,-31.6019091],[-52.0114295,-31.6046869],[-52.0102279,-31.6111196],[-52.0102279,-31.61302],[-52.0122878,-31.6171132],[-52.0133178,-31.6187212],[-52.0150344,-31.6315841],[-52.0165794,-31.6343611],[-52.017266,-31.6404994],[-52.018811,-31.6460527],[-52.0195619,-31.6497791],[-52.0195591,-31.6512498],[-52.0196736,-31.6519932],[-52.0197838,-31.6541449],[-52.0198838,-31.6556241],[-52.0219009,-31.6646102],[-52.0247734,-31.6735354],[-52.0249036,-31.6738172],[-52.0250337,-31.674099],[-52.0258625,-31.6765605],[-52.026768,-31.6786324],[-52.0272508,-31.6799746],[-52.0283103,-31.6839164],[-52.0290506,-31.6862765],[-52.0297598,-31.6892556],[-52.0303177,-31.6912344],[-52.0309426,-31.6927783],[-52.0316148,-31.6937944],[-52.0321013,-31.6943267],[-52.0324339,-31.6946645],[-52.0332134,-31.695239],[-52.0334788,-31.695364],[-52.0337981,-31.6954353],[-52.0350078,-31.69549],[-52.0355641,-31.6954816],[-52.0363167,-31.6952025],[-52.0379663,-31.6944585],[-52.0406901,-31.6928744],[-52.0406997,-31.692867],[-52.0480336,-31.6879044],[-52.0514106,-31.6857522],[-52.0541947,-31.6841819],[-52.0567186,-31.6829197],[-52.0656396,-31.6813733],[-52.0737469,-31.6808054],[-52.0745141,-31.6810265],[-52.0746944,-31.6809732],[-52.0747715,-31.6810166],[-52.0747353,-31.681085],[-52.0749653,-31.6812374],[-52.0761368,-31.6813932],[-52.0762011,-31.6814434],[-52.0767094,-31.6815096],[-52.077127,-31.6816339],[-52.0774173,-31.6816422],[-52.0776522,-31.6815803],[-52.0778024,-31.6815872],[-52.0779459,-31.6816522],[-52.0780385,-31.6815975],[-52.0784757,-31.6816328],[-52.0784811,-31.6816726],[-52.0786218,-31.6816899],[-52.0788592,-31.6816728],[-52.0789343,-31.6816306],[-52.079224,-31.6816865],[-52.0794667,-31.6816226],[-52.0798007,-31.6817173],[-52.0804189,-31.6818132],[-52.0807121,-31.6819146],[-52.0809124,-31.6818314],[-52.0816769,-31.6818759],[-52.0821168,-31.6818679],[-52.0824976,-31.6818052],[-52.082676,-31.6816853],[-52.0826693,-31.6815587],[-52.0827431,-31.6815027],[-52.0831883,-31.6814012],[-52.0833117,-31.6814925],[-52.083419,-31.6814514],[-52.0835772,-31.6814765],[-52.0836523,-31.6815895],[-52.08395,-31.6817025],[-52.084082,-31.6819892],[-52.0851039,-31.6819755],[-52.0858125,-31.6825544],[-52.1041442,-31.6846629],[-52.1297042,-31.6909057],[-52.1314208,-31.6923664],[-52.1436494,-31.6959755],[-52.1445791,-31.6964817],[-52.1454798,-31.6966521],[-52.1477287,-31.6974784],[-52.1524264,-31.6991771],[-52.1534952,-31.6998576],[-52.1539465,-31.7001818],[-52.1542423,-31.7004387],[-52.1545442,-31.7007113],[-52.1548476,-31.700991],[-52.1547637,-31.7011584],[-52.1545132,-31.701459],[-52.1544259,-31.7015563],[-52.1544729,-31.7015994],[-52.154628,-31.7017083],[-52.1546834,-31.7017482],[-52.154913,-31.7015157],[-52.1550904,-31.7015567],[-52.1556677,-31.7019049],[-52.1557564,-31.7019584],[-52.1564448,-31.7024274],[-52.1573118,-31.7031806],[-52.1578178,-31.7036202],[-52.1579842,-31.7037648],[-52.1581595,-31.7038849],[-52.1583378,-31.7040071],[-52.1584696,-31.7040974],[-52.1587201,-31.7042691],[-52.1589274,-31.7044112],[-52.1594316,-31.7046398],[-52.1601373,-31.704972],[-52.1624661,-31.7064078],[-52.1626072,-31.7064948],[-52.1631346,-31.7068698],[-52.1824909,-31.7170674],[-52.1861808,-31.7189461],[-52.1931867,-31.7223045],[-52.1932944,-31.7223798],[-52.1960127,-31.7242796],[-52.1970299,-31.7251307],[-52.1983302,-31.7262188],[-52.1985476,-31.7264133],[-52.2008882,-31.7286973],[-52.2027,-31.7305005],[-52.2040191,-31.7318401],[-52.2052447,-31.7327208],[-52.2052985,-31.7327594],[-52.2059399,-31.7333487],[-52.205997,-31.7334011],[-52.206409,-31.7335373],[-52.2068784,-31.7335807],[-52.2078145,-31.7340164],[-52.2083117,-31.7344277],[-52.208999,-31.7352283],[-52.2101807,-31.7366047],[-52.2104967,-31.7369728],[-52.2107756,-31.7371826],[-52.2109741,-31.7374655],[-52.2114931,-31.7378465],[-52.2115911,-31.7379983],[-52.2118241,-31.7381913],[-52.2123242,-31.738811],[-52.2129867,-31.7396319],[-52.2135758,-31.7401983],[-52.213732,-31.7403957],[-52.2139674,-31.7406932],[-52.2143537,-31.741008],[-52.2149036,-31.7415523],[-52.2154387,-31.7420863],[-52.2159469,-31.7425933],[-52.2166537,-31.7431312],[-52.2170748,-31.743527],[-52.2178051,-31.7442134],[-52.2188025,-31.7448615],[-52.2204369,-31.7459235],[-52.2212094,-31.7465964],[-52.2218936,-31.7474169],[-52.2234008,-31.749224],[-52.223588,-31.7494957],[-52.2238934,-31.749939],[-52.2241206,-31.7502176],[-52.2243463,-31.7504943],[-52.2247098,-31.750982],[-52.2252874,-31.7517568],[-52.2255897,-31.7521623],[-52.2260263,-31.7530098],[-52.226142,-31.7532344],[-52.2265027,-31.7543166],[-52.2265401,-31.7544322],[-52.2266629,-31.7548115],[-52.2267503,-31.7553322],[-52.2269149,-31.7563125],[-52.2270303,-31.7569997],[-52.227075,-31.7574472],[-52.2271704,-31.7584029],[-52.22726,-31.7593009],[-52.2272604,-31.7593113],[-52.2272612,-31.7593323],[-52.2272848,-31.7599586],[-52.2273273,-31.7610881],[-52.2273516,-31.7617317],[-52.227335,-31.761923],[-52.2272466,-31.7629434],[-52.2271647,-31.7638883],[-52.2270983,-31.7644744],[-52.2270527,-31.764877],[-52.2269138,-31.7657885],[-52.2267727,-31.7667143],[-52.2267704,-31.7667293],[-52.2265435,-31.7677254],[-52.2263557,-31.7685504],[-52.2261823,-31.7693116],[-52.2261506,-31.7694161],[-52.225787,-31.7706149],[-52.2255892,-31.7712671],[-52.2255028,-31.7715651],[-52.225321,-31.7721919],[-52.2252911,-31.7723003],[-52.2252786,-31.7723442],[-52.2252763,-31.7723518],[-52.2252737,-31.7723597],[-52.2252018,-31.7725878],[-52.2251735,-31.7726892],[-52.2249259,-31.7734529],[-52.2246434,-31.7743384],[-52.2244216,-31.7750335],[-52.2243637,-31.7752151],[-52.2241347,-31.7757528],[-52.2235402,-31.777149],[-52.2235054,-31.7772308],[-52.2233272,-31.7775934],[-52.2229542,-31.7783521],[-52.2224423,-31.7793936],[-52.2224336,-31.7794112],[-52.2215359,-31.7810503],[-52.220497,-31.7831596],[-52.2203887,-31.7835443],[-52.2203913,-31.7839706],[-52.2205898,-31.7845178],[-52.2209825,-31.7851501],[-52.2217539,-31.7856943],[-52.2223978,-31.786365],[-52.2226149,-31.7868046],[-52.2227088,-31.7872652],[-52.2217747,-31.7889499],[-52.2193341,-31.7934256],[-52.2186238,-31.7943554],[-52.218267,-31.7946654],[-52.2182295,-31.7944967],[-52.2181088,-31.7945446],[-52.2177677,-31.795988],[-52.2168642,-31.7975766],[-52.2163358,-31.797955],[-52.2162634,-31.7984474],[-52.2141809,-31.8037549],[-52.2138517,-31.8046869],[-52.2133903,-31.8071806],[-52.2134793,-31.8074925],[-52.213608,-31.807684],[-52.2136372,-31.8078963],[-52.2139755,-31.8079986],[-52.2141257,-31.8082265],[-52.2146483,-31.80844],[-52.214769,-31.8086576],[-52.2150792,-31.8088989],[-52.2151621,-31.809002],[-52.2152316,-31.8091221],[-52.2153709,-31.8095721],[-52.2155165,-31.8097015],[-52.215521,-31.8099029],[-52.2156359,-31.8100394],[-52.2156276,-31.810341],[-52.2157028,-31.8105805],[-52.2164062,-31.8112241],[-52.2166953,-31.8113659],[-52.2171135,-31.8112699],[-52.2170217,-31.8111536],[-52.2169152,-31.8110187],[-52.2169286,-31.8105902],[-52.2173269,-31.8100352],[-52.2173966,-31.8097845],[-52.2173586,-31.8096055],[-52.2171351,-31.8098813],[-52.2170929,-31.8097565],[-52.2169635,-31.8097035],[-52.2168079,-31.8101913],[-52.2166657,-31.8102825],[-52.2163828,-31.8103623],[-52.2160274,-31.8102905],[-52.2158403,-31.8100295],[-52.2159147,-31.8093274],[-52.2157082,-31.8091793],[-52.2154802,-31.8087872],[-52.2153837,-31.8087302],[-52.2153206,-31.8087456],[-52.2151637,-31.8086801],[-52.2150765,-31.808496],[-52.2149062,-31.8084339],[-52.2153756,-31.8083302],[-52.215536,-31.8080992],[-52.2157417,-31.8079632],[-52.216069,-31.8078812],[-52.2164163,-31.8077022],[-52.2167127,-31.8073888],[-52.2168548,-31.8071575],[-52.2171056,-31.8069649],[-52.2172692,-31.8066195],[-52.2171807,-31.8064805],[-52.2169863,-31.8064417],[-52.2166926,-31.8064634],[-52.2166362,-31.8065614],[-52.2160582,-31.8065158],[-52.2157283,-31.8064178],[-52.2155567,-31.8061545],[-52.2158235,-31.8054285],[-52.2161154,-31.8052659],[-52.2162285,-31.805106],[-52.2162178,-31.8046524],[-52.2161448,-31.8043474],[-52.216313,-31.8042637],[-52.2171593,-31.8044746],[-52.2172827,-31.8044637],[-52.2173692,-31.8044147],[-52.2173852,-31.8043372],[-52.2176367,-31.8041805],[-52.218031,-31.8038363],[-52.2183234,-31.8034647],[-52.2187042,-31.8033075],[-52.2189778,-31.8033303],[-52.2195223,-31.8037884],[-52.2195277,-31.804046],[-52.2198415,-31.8047344],[-52.2199595,-31.8052997],[-52.2201204,-31.8056781],[-52.2201473,-31.8060884],[-52.2204745,-31.8065489],[-52.2203426,-31.8068114],[-52.220555,-31.8079165],[-52.220863,-31.8084434],[-52.2216332,-31.8090334],[-52.2220248,-31.8096534],[-52.2222501,-31.8102369],[-52.2226584,-31.8107732],[-52.2230038,-31.8120558],[-52.2234245,-31.812847],[-52.2237307,-31.8130564],[-52.2241947,-31.8130473],[-52.2243901,-31.8129496],[-52.2248492,-31.8118074],[-52.225235,-31.8114111],[-52.225678,-31.8106312],[-52.2258818,-31.8105742],[-52.2260897,-31.8102574],[-52.2260977,-31.8101434],[-52.2262225,-31.8099451],[-52.2265081,-31.8092226],[-52.2265175,-31.8091018],[-52.2268608,-31.8083587],[-52.2270003,-31.8081353],[-52.2271089,-31.8080726],[-52.2271716,-31.807918],[-52.2271264,-31.8078527],[-52.2271384,-31.8077307],[-52.2272283,-31.8076988],[-52.2277433,-31.8067175],[-52.2278667,-31.8066275],[-52.227927,-31.8065113],[-52.2282274,-31.8063745],[-52.2283199,-31.8062229],[-52.2284648,-31.8062104],[-52.2287889,-31.8058768],[-52.2290871,-31.8057009],[-52.2291863,-31.8057169],[-52.2292775,-31.805661],[-52.2295994,-31.8056781],[-52.2296932,-31.8056177],[-52.2300433,-31.8057499],[-52.2302914,-31.8056872],[-52.2304322,-31.8057488],[-52.2304684,-31.8058969],[-52.2307125,-31.8060405],[-52.2307205,-31.8061796],[-52.2304469,-31.8063756],[-52.2303289,-31.8066583],[-52.2301894,-31.8067586],[-52.229535,-31.8082083],[-52.2295511,-31.8084978],[-52.2297277,-31.8086463],[-52.2303031,-31.8087648],[-52.2310772,-31.8089242],[-52.2318512,-31.8090837],[-52.2314689,-31.8096648],[-52.2313857,-31.809585],[-52.2304443,-31.8105628],[-52.2303155,-31.8105355],[-52.2300151,-31.8108136],[-52.2295166,-31.8116206],[-52.2292802,-31.8114119],[-52.2290061,-31.8114294],[-52.2284675,-31.8120923],[-52.228615,-31.8121356],[-52.2283924,-31.8125344],[-52.2282556,-31.8125299],[-52.2276682,-31.8132114],[-52.2271585,-31.8132524],[-52.2269091,-31.813567],[-52.2265524,-31.8137174],[-52.226367,-31.8138745],[-52.2254366,-31.8152946],[-52.223977,-31.8169781],[-52.2236567,-31.8175526],[-52.2233113,-31.8178158],[-52.2232958,-31.8182118],[-52.22306,-31.8182984],[-52.2228236,-31.8188732],[-52.2227275,-31.8194883],[-52.2225521,-31.8200447],[-52.2228234,-31.8201094],[-52.2229101,-31.8203914],[-52.2227459,-31.8258243],[-52.2226922,-31.8278206],[-52.2221665,-31.8310202],[-52.2219788,-31.8339643],[-52.2222287,-31.8343446],[-52.2222984,-31.8353882],[-52.2225183,-31.836163],[-52.2225599,-31.8371565],[-52.2224875,-31.8374288],[-52.2227391,-31.8374429],[-52.2228078,-31.8376658],[-52.2226471,-31.839426],[-52.2228509,-31.8397268],[-52.2229207,-31.8401917],[-52.222808,-31.840399],[-52.2227486,-31.8408551],[-52.2230119,-31.8411806],[-52.2229368,-31.841413],[-52.2230199,-31.8415018],[-52.2230279,-31.8418277],[-52.2231218,-31.8419894],[-52.2231299,-31.8423107],[-52.2232747,-31.8425705],[-52.2232854,-31.842812],[-52.2235268,-31.8428576],[-52.2240579,-31.8442839],[-52.2245591,-31.8451866],[-52.2248948,-31.8454072],[-52.2248518,-31.8455371],[-52.2251254,-31.8459062],[-52.2254795,-31.8460771],[-52.2255573,-31.8466011],[-52.2259261,-31.8472425],[-52.2259784,-31.8474441],[-52.2259435,-31.8478588],[-52.2260964,-31.8481072],[-52.2263347,-31.848226],[-52.2266851,-31.8481767],[-52.2268823,-31.8480502],[-52.2271854,-31.8477289],[-52.2276387,-31.8473712],[-52.227644,-31.847214],[-52.2275019,-31.8470819],[-52.2281885,-31.8457285],[-52.2282636,-31.8454505],[-52.2285019,-31.8452025],[-52.2283977,-31.8447578],[-52.2286016,-31.8445346],[-52.2287545,-31.8445368],[-52.2288805,-31.8444708],[-52.2289503,-31.8442201],[-52.2293311,-31.8438601],[-52.2293794,-31.8435502],[-52.2299641,-31.8432221],[-52.2299101,-31.8425389],[-52.2304791,-31.8424429],[-52.2307903,-31.8421102],[-52.2316271,-31.8416363],[-52.2320402,-31.8410302],[-52.2325498,-31.8406838],[-52.2331475,-31.8400575],[-52.2377663,-31.8382483],[-52.2424011,-31.8373733],[-52.246006,-31.837665],[-52.2494392,-31.8388317],[-52.2516708,-31.8401441],[-52.2545891,-31.842769],[-52.2557907,-31.8458313],[-52.2568207,-31.8500601]],[[-52.2063654,-32.0115607],[-52.2061527,-32.0109681],[-52.2061771,-32.0107322],[-52.2063401,-32.0105343],[-52.2062135,-32.0104742],[-52.2061274,-32.0103067],[-52.2059805,-32.0102165],[-52.205783,-32.009976],[-52.2055044,-32.0097012],[-52.2052309,-32.0095938],[-52.2047548,-32.0091901],[-52.2043902,-32.0092373],[-52.2040255,-32.0090011],[-52.2037773,-32.0086318],[-52.2030075,-32.0079103],[-52.202891,-32.0075323],[-52.2027897,-32.0074164],[-52.2023845,-32.0073605],[-52.2020705,-32.0071587],[-52.2011893,-32.0071329],[-52.200698,-32.0068537],[-52.2005663,-32.006828],[-52.2005511,-32.0067249],[-52.1996344,-32.0060936],[-52.1993141,-32.006036],[-52.1991583,-32.0060077],[-52.1988038,-32.0059347],[-52.1983682,-32.0063212],[-52.1979174,-32.006377],[-52.197882,-32.0062739],[-52.1977098,-32.0063341],[-52.1977199,-32.0062525],[-52.1973584,-32.006123],[-52.1973211,-32.0061095],[-52.1974971,-32.005896],[-52.1973249,-32.005969],[-52.1973274,-32.0059304],[-52.1973046,-32.0058531],[-52.1972117,-32.0059177],[-52.1970514,-32.0058531],[-52.1967728,-32.0055438],[-52.1964436,-32.0053634],[-52.1963018,-32.0057285],[-52.1957295,-32.0053892],[-52.1952078,-32.0052861],[-52.1946659,-32.0049855],[-52.1946963,-32.0048867],[-52.1942911,-32.0047364],[-52.1940227,-32.0047707],[-52.1936985,-32.0046505],[-52.1934697,-32.0043948],[-52.1936631,-32.0040878],[-52.1935922,-32.0039848],[-52.1935263,-32.0039805],[-52.1934098,-32.0038989],[-52.193577,-32.00377],[-52.1934858,-32.0037013],[-52.1933339,-32.0037228],[-52.1932072,-32.0035639],[-52.1929793,-32.0035252],[-52.1930097,-32.0034221],[-52.1929084,-32.0032718],[-52.1930908,-32.0029883],[-52.1928375,-32.002576],[-52.1927362,-32.0025803],[-52.1927058,-32.0024858],[-52.1928831,-32.0023054],[-52.1926451,-32.0021508],[-52.1926452,-32.0019883],[-52.1925235,-32.0018931],[-52.1925742,-32.0017041],[-52.1925083,-32.0014722],[-52.1926098,-32.0012464],[-52.1928831,-32.0010685],[-52.1931211,-32.0005788],[-52.1932883,-32.0001837],[-52.1935213,-32.0003769],[-52.1934078,-31.9999258],[-52.1933085,-31.9996554],[-52.1932224,-31.9992989],[-52.1926653,-31.998835],[-52.192483,-31.9984527],[-52.1920727,-31.9980747],[-52.1919917,-31.9975421],[-52.1918904,-31.9974133],[-52.1920294,-31.9972577],[-52.1921082,-31.9970954],[-52.1922652,-31.9970396],[-52.1925995,-31.9966874],[-52.1928021,-31.9966616],[-52.1934681,-31.9962824],[-52.1935516,-31.9961419],[-52.1936428,-31.9962578],[-52.1941392,-31.9962793],[-52.1942506,-31.9961547],[-52.1945595,-31.9959443],[-52.1945747,-31.9957939],[-52.1947165,-31.9956221],[-52.1948837,-31.9954417],[-52.1954469,-31.9952123],[-52.1956788,-31.9949306],[-52.1959574,-31.9944624],[-52.1963018,-31.9940371],[-52.1962588,-31.9940071],[-52.1956586,-31.9928602],[-52.1957751,-31.9927485],[-52.195694,-31.9926669],[-52.1957356,-31.9925675],[-52.1956586,-31.9924693],[-52.1957953,-31.9922373],[-52.1959979,-31.9921514],[-52.1958713,-31.9917648],[-52.1955218,-31.991825],[-52.1954661,-31.9917305],[-52.1957295,-31.9916446],[-52.1949674,-31.9902785],[-52.1948128,-31.9898791],[-52.1944785,-31.9896385],[-52.1944127,-31.9896729],[-52.1936783,-31.9893292],[-52.1931819,-31.9890543],[-52.1926147,-31.9886076],[-52.1924526,-31.9885689],[-52.1923716,-31.9884486],[-52.1924577,-31.9883713],[-52.1921031,-31.9881608],[-52.1919056,-31.9881136],[-52.1918398,-31.9879804],[-52.1914447,-31.9880148],[-52.1912421,-31.9877656],[-52.1909382,-31.9875336],[-52.1909534,-31.987422],[-52.1903507,-31.9872501],[-52.1900367,-31.9869881],[-52.1901178,-31.9867346],[-52.18951,-31.9863609],[-52.1893581,-31.9861848],[-52.1890619,-31.9862743],[-52.1889579,-31.9863008],[-52.18912,-31.9859013],[-52.1893125,-31.9857638],[-52.1895252,-31.9857638],[-52.1896366,-31.9856478],[-52.1892871,-31.9855662],[-52.1891656,-31.9853557],[-52.1890846,-31.9848617],[-52.1889377,-31.9847113],[-52.1889174,-31.9845094],[-52.1890267,-31.9843086],[-52.1891453,-31.9843075],[-52.1890846,-31.9840927],[-52.1893429,-31.9838693],[-52.1891783,-31.9836481],[-52.1888111,-31.9832636],[-52.1888254,-31.9832191],[-52.188806,-31.9829252],[-52.1886964,-31.9828913],[-52.1879817,-31.9819703],[-52.1876585,-31.9817277],[-52.1875312,-31.9816896],[-52.1874035,-31.9817389],[-52.1873533,-31.981615],[-52.186827,-31.9813484],[-52.1865882,-31.9813736],[-52.1862608,-31.9811067],[-52.1860719,-31.9811302],[-52.1860014,-31.9811017],[-52.1859329,-31.981152],[-52.1858765,-31.9813931],[-52.185984,-31.9812541],[-52.1860964,-31.981252],[-52.1863782,-31.9815408],[-52.186588,-31.9815986],[-52.1866424,-31.9817876],[-52.1865948,-31.9818503],[-52.1863396,-31.9818225],[-52.1861523,-31.9818622],[-52.1861503,-31.9819309],[-52.1857413,-31.9818252],[-52.1854854,-31.9816867],[-52.1850715,-31.9816128],[-52.1844862,-31.9813496],[-52.1842767,-31.9813883],[-52.1842156,-31.9813207],[-52.1842177,-31.9811927],[-52.1842994,-31.9811172],[-52.1842832,-31.9809867],[-52.1841724,-31.9809808],[-52.183954,-31.9811972],[-52.183878,-31.9811929],[-52.1839084,-31.9813046],[-52.183721,-31.981412],[-52.1835184,-31.9815323],[-52.1835944,-31.9817085],[-52.1835893,-31.9818159],[-52.1831588,-31.9817944],[-52.1829466,-31.9818831],[-52.1828499,-31.9820221],[-52.1825561,-31.981919],[-52.1824042,-31.9818975],[-52.1823333,-31.9820135],[-52.1821357,-31.9817342],[-52.181999,-31.9813046],[-52.1821155,-31.9811328],[-52.1818926,-31.9807891],[-52.1816039,-31.9807419],[-52.1815178,-31.9808106],[-52.1816141,-31.980961],[-52.1815229,-31.9810426],[-52.1812897,-31.9810542],[-52.1810367,-31.9808621],[-52.1811785,-31.9804068],[-52.1810519,-31.9804197],[-52.1809911,-31.9805614],[-52.1808594,-31.9806516],[-52.180829,-31.9808621],[-52.1804036,-31.9808707],[-52.1799275,-31.980845],[-52.1792083,-31.980497],[-52.1791324,-31.9805356],[-52.1790311,-31.9807419],[-52.1790918,-31.9808707],[-52.1792337,-31.9809781],[-52.179497,-31.9808922],[-52.1796135,-31.980991],[-52.1795831,-31.9813777],[-52.1794514,-31.9814163],[-52.1793299,-31.9812746],[-52.1792742,-31.9811543],[-52.1787069,-31.9809867],[-52.1783592,-31.9808298],[-52.1783256,-31.9808145],[-52.1786613,-31.9800545],[-52.1782537,-31.9799041],[-52.1781093,-31.9798225],[-52.1779385,-31.9797978],[-52.1777548,-31.9798483],[-52.1775167,-31.9797709],[-52.1772685,-31.9797752],[-52.1771774,-31.9795733],[-52.1768684,-31.9796979],[-52.1766203,-31.9797967],[-52.1764481,-31.9796507],[-52.1762201,-31.9796979],[-52.1763113,-31.9797795],[-52.1763366,-31.9798698],[-52.1761746,-31.9799127],[-52.1758352,-31.9798784],[-52.1756782,-31.9798096],[-52.1755668,-31.9798526],[-52.1756985,-31.9800459],[-52.1756276,-31.9801361],[-52.1755364,-31.980106],[-52.1755871,-31.9800072],[-52.1752967,-31.9797376],[-52.1749388,-31.9795261],[-52.1750147,-31.9793628],[-52.1748679,-31.9792382],[-52.1751312,-31.9791308],[-52.1754908,-31.9792168],[-52.175739,-31.9793027],[-52.1758605,-31.9792039],[-52.1758909,-31.9789676],[-52.1755263,-31.9790363],[-52.1752933,-31.9790148],[-52.1751565,-31.9790664],[-52.174954,-31.9789461],[-52.1749084,-31.9787914],[-52.174954,-31.9787743],[-52.175116,-31.9785423],[-52.1750451,-31.9784048],[-52.1749742,-31.9783704],[-52.1749252,-31.97844],[-52.1749438,-31.9784993],[-52.1748324,-31.9785595],[-52.1745842,-31.9785981],[-52.1743867,-31.9787141],[-52.1740676,-31.9787614],[-52.17386,-31.9788129],[-52.1735331,-31.9787556],[-52.1735,-31.9787498],[-52.1735206,-31.9786797],[-52.1733586,-31.9787012],[-52.1731762,-31.9788301],[-52.1728388,-31.9790596],[-52.1727407,-31.9791051],[-52.1727964,-31.979191],[-52.1727508,-31.9792683],[-52.1724824,-31.9794316],[-52.1722646,-31.9794616],[-52.1720975,-31.9793628],[-52.1720823,-31.9794874],[-52.1718746,-31.9793285],[-52.1719151,-31.9791136],[-52.1718999,-31.9789719],[-52.1720265,-31.9788602],[-52.1719253,-31.9787871],[-52.1716416,-31.9790664],[-52.1715555,-31.9792683],[-52.1715454,-31.9793972],[-52.1713175,-31.979569],[-52.1713377,-31.9798354],[-52.1711048,-31.9798182],[-52.1709326,-31.979685],[-52.1707958,-31.9797538],[-52.1706996,-31.9797151],[-52.1705375,-31.9798354],[-52.1703957,-31.9798139],[-52.1702336,-31.9798397],[-52.1700918,-31.9797495],[-52.1700412,-31.9796464],[-52.1698639,-31.9796249],[-52.1694891,-31.9797795],[-52.1694385,-31.9798784],[-52.1692663,-31.9799428],[-52.16917,-31.9798912],[-52.1685268,-31.9801318],[-52.1684812,-31.9802392],[-52.1680912,-31.9804368],[-52.167833,-31.9804411],[-52.1675544,-31.9804111],[-52.166901,-31.9802736],[-52.1665769,-31.9801275],[-52.1661869,-31.9802091],[-52.1658401,-31.9804718],[-52.165726,-31.9807419],[-52.1656779,-31.9807441],[-52.1656298,-31.9807462],[-52.1651776,-31.9812234],[-52.1650828,-31.9810812],[-52.1644859,-31.9815113],[-52.1642623,-31.9818202],[-52.1638774,-31.9820135],[-52.1633304,-31.9821273],[-52.1633,-31.9821552],[-52.161735,-31.9816612],[-52.1615476,-31.9816784],[-52.1605549,-31.981571],[-52.160494,-31.9816043],[-52.1604331,-31.9816375],[-52.1603523,-31.9815108],[-52.1596585,-31.9817987],[-52.1595977,-31.9816483],[-52.1593951,-31.9816956],[-52.1589747,-31.9815495],[-52.1585848,-31.9815065],[-52.1584379,-31.9815452],[-52.1583822,-31.981513],[-52.1583265,-31.9814808],[-52.1582961,-31.981223],[-52.1580698,-31.981164],[-52.157825,-31.9812144],[-52.1573084,-31.9811972],[-52.1568349,-31.9809997],[-52.1567918,-31.9809653],[-52.1566095,-31.9810125],[-52.1565741,-31.9809352],[-52.1564576,-31.9809867],[-52.1560245,-31.9808106],[-52.1558498,-31.9806559],[-52.155632,-31.9806688],[-52.1555611,-31.9807676],[-52.1554345,-31.9807848],[-52.1550242,-31.9805271],[-52.1549786,-31.9805464],[-52.1547913,-31.9806173],[-52.1544063,-31.9805013],[-52.1539455,-31.9804454],[-52.1538999,-31.9803123],[-52.1535504,-31.9802521],[-52.15352,-31.9801705],[-52.1532668,-31.9800502],[-52.1527552,-31.9799041],[-52.1525273,-31.9799471],[-52.1522738,-31.9799238],[-52.1518132,-31.97999],[-52.1511649,-31.9802306],[-52.1504052,-31.9801877],[-52.1496354,-31.9800975],[-52.1496708,-31.9800115],[-52.1498987,-31.9799557],[-52.1498785,-31.9798096],[-52.1497873,-31.9798526],[-52.1495645,-31.9799213],[-52.1494277,-31.9800502],[-52.1493366,-31.9800115],[-52.1492322,-31.9801007],[-52.1490327,-31.9801232],[-52.1489466,-31.9801963],[-52.1488655,-31.9801705],[-52.148668,-31.9801834],[-52.1484857,-31.980265],[-52.1480197,-31.9802006],[-52.1475588,-31.9802263],[-52.1474272,-31.9803466],[-52.1471992,-31.9803208],[-52.146632,-31.9804841],[-52.146399,-31.9807934],[-52.1460647,-31.9808063],[-52.1459685,-31.9806817],[-52.1455684,-31.9806044],[-52.1454165,-31.9806731],[-52.1453253,-31.9805314],[-52.1451936,-31.98057],[-52.1452139,-31.9806516],[-52.1449606,-31.9806903],[-52.1446719,-31.9808922],[-52.1445706,-31.9810426],[-52.1444187,-31.9811543],[-52.1439781,-31.9814378],[-52.1437907,-31.9816118],[-52.143816,-31.9814636],[-52.1437755,-31.9813175],[-52.1436143,-31.9812353],[-52.1433551,-31.9813519],[-52.143031,-31.9814292],[-52.1424384,-31.9817085],[-52.1420383,-31.9818846],[-52.1418205,-31.9820393],[-52.1417496,-31.9821681],[-52.1417218,-31.9823357],[-52.1415875,-31.9822111],[-52.1412938,-31.9820564],[-52.1411013,-31.9820908],[-52.1409696,-31.9818975],[-52.1406556,-31.9818588],[-52.1404125,-31.9820135],[-52.140139,-31.9822111],[-52.1401036,-31.9823443],[-52.1399972,-31.9824302],[-52.1397743,-31.9825247],[-52.1397516,-31.9824947],[-52.1395819,-31.9824517],[-52.1393641,-31.9825204],[-52.1391159,-31.9825333],[-52.1384474,-31.9825376],[-52.1380574,-31.9827309],[-52.1380042,-31.9827009],[-52.1373433,-31.9825848],[-52.137247,-31.9824345],[-52.1367684,-31.9824431],[-52.1365298,-31.9826161],[-52.1364861,-31.9826559],[-52.1363506,-31.9824216],[-52.1360518,-31.9823443],[-52.134973,-31.9823422],[-52.1346868,-31.9824109],[-52.1340816,-31.9825161],[-52.13396,-31.982572],[-52.1338385,-31.9824431],[-52.1334941,-31.9824517],[-52.133175,-31.982297],[-52.1330281,-31.9823013],[-52.1324811,-31.9820393],[-52.1320354,-31.9819834],[-52.1319544,-31.981919],[-52.131139,-31.9818674],[-52.1309212,-31.9812917],[-52.1313416,-31.9811972],[-52.1317164,-31.980875],[-52.1316758,-31.9808407],[-52.1315391,-31.9809266],[-52.1314682,-31.9808922],[-52.1312707,-31.9809223],[-52.1312352,-31.9808836],[-52.1308705,-31.980845],[-52.1307996,-31.9809395],[-52.1307338,-31.9809481],[-52.130592,-31.980918],[-52.1302932,-31.9810555],[-52.1302122,-31.9810469],[-52.1301311,-31.9810383],[-52.1300349,-31.9809008],[-52.1298272,-31.9809438],[-52.129655,-31.9808922],[-52.1294322,-31.9809567],[-52.1293663,-31.9811156],[-52.1290143,-31.9812725],[-52.1287079,-31.9811629],[-52.1285408,-31.9812058],[-52.1283432,-31.981339],[-52.1278596,-31.9811758],[-52.1277811,-31.980991],[-52.1275126,-31.9808965],[-52.1272442,-31.980845],[-52.1270669,-31.9809008],[-52.1268897,-31.9810125],[-52.1263883,-31.9809051],[-52.1263933,-31.9808364],[-52.126054,-31.9807204],[-52.1260236,-31.9806001],[-52.1256235,-31.9805743],[-52.1252487,-31.9806645],[-52.1250309,-31.9806688],[-52.1249043,-31.9805743],[-52.1247777,-31.9805442],[-52.1246966,-31.9806602],[-52.1244586,-31.980497],[-52.1242712,-31.9804325],[-52.1238255,-31.9806216],[-52.1236179,-31.9805013],[-52.1232025,-31.9805228],[-52.1231215,-31.9806259],[-52.1230759,-31.9805485],[-52.1230152,-31.9804712],[-52.1228987,-31.980454],[-52.1229037,-31.9803638],[-52.1227214,-31.9802994],[-52.1226961,-31.980381],[-52.1224732,-31.9801877],[-52.1224074,-31.9801705],[-52.122301,-31.980222],[-52.1219364,-31.9801189],[-52.1219262,-31.980149],[-52.1217704,-31.9801152],[-52.1218097,-31.9800545],[-52.1212931,-31.9798741],[-52.1209589,-31.9798354],[-52.1206752,-31.9798612],[-52.120636,-31.9797411],[-52.1206778,-31.9796263],[-52.1205018,-31.9794545],[-52.1204549,-31.9793077],[-52.1199467,-31.9785431],[-52.119724,-31.9780177],[-52.1195967,-31.9778528],[-52.1194502,-31.9777776],[-52.1193328,-31.9775949],[-52.1191123,-31.9775336],[-52.1185671,-31.9775209],[-52.1184801,-31.9774807],[-52.1181095,-31.9776788],[-52.1180302,-31.9778027],[-52.1176628,-31.9779361],[-52.1175836,-31.9779146],[-52.1174522,-31.978252],[-52.117384,-31.9783251],[-52.1171616,-31.9783498],[-52.1169809,-31.9786606],[-52.1169636,-31.9789694],[-52.1171012,-31.9790361],[-52.1172964,-31.9790383],[-52.1172414,-31.9793113],[-52.117449,-31.9795433],[-52.1172768,-31.97996],[-52.117054,-31.9803724],[-52.1166994,-31.9804111],[-52.1165222,-31.9803896],[-52.116431,-31.9805657],[-52.1165081,-31.980763],[-52.1166235,-31.9808536],[-52.1166842,-31.9809867],[-52.1168362,-31.9811371],[-52.1168564,-31.9813261],[-52.1167551,-31.9813991],[-52.1166842,-31.9815796],[-52.1167754,-31.9817256],[-52.1170286,-31.9817729],[-52.117135,-31.9818073],[-52.1172363,-31.9819533],[-52.1173781,-31.9820478],[-52.1175655,-31.9822755],[-52.1177124,-31.9825161],[-52.1178238,-31.982572],[-52.1176668,-31.9826321],[-52.1174997,-31.9828383],[-52.1175301,-31.9829543],[-52.1173224,-31.9829156],[-52.1172768,-31.9828641],[-52.1171553,-31.9827996],[-52.1171885,-31.9827036],[-52.1171502,-31.9825805],[-52.1169223,-31.9824903],[-52.1167602,-31.9825548],[-52.1167349,-31.9826321],[-52.1164107,-31.9826665],[-52.1163196,-31.9826106],[-52.1161879,-31.9826622],[-52.1162639,-31.9827395],[-52.1159043,-31.9827696],[-52.115965,-31.9827137],[-52.115808,-31.982645],[-52.1156662,-31.9827094],[-52.1156156,-31.9828383],[-52.1156612,-31.982907],[-52.1155143,-31.9830488],[-52.1156105,-31.9831476],[-52.1156561,-31.9832335],[-52.1157726,-31.9833023],[-52.115884,-31.9833452],[-52.1158232,-31.9833882],[-52.115965,-31.9834397],[-52.1161271,-31.9833237],[-52.1161828,-31.9832035],[-52.116117,-31.983066],[-52.1163702,-31.9829801],[-52.1165475,-31.9829758],[-52.1166792,-31.9831218],[-52.1168463,-31.9831605],[-52.1168007,-31.9833624],[-52.116664,-31.9834526],[-52.11674,-31.9834956],[-52.1168412,-31.9834655],[-52.1170692,-31.9834741],[-52.1173376,-31.9836975],[-52.1174085,-31.9838865],[-52.1176719,-31.9839423],[-52.1178795,-31.9839767],[-52.117682,-31.9841099],[-52.1175402,-31.9841056],[-52.1173021,-31.9841958],[-52.1170692,-31.9841056],[-52.116902,-31.9842731],[-52.1166387,-31.9841486],[-52.1164209,-31.9840455],[-52.1161575,-31.9841142],[-52.1160714,-31.9839896],[-52.1158739,-31.9841958],[-52.1157827,-31.9842345],[-52.1156257,-31.9841743],[-52.1154484,-31.9840927],[-52.1152813,-31.9842388],[-52.1153218,-31.9843462],[-52.1152357,-31.9844278],[-52.1150483,-31.9844106],[-52.115099,-31.9842774],[-52.1152155,-31.9842345],[-52.115256,-31.9840884],[-52.1152509,-31.9838779],[-52.1149521,-31.9838392],[-52.1151446,-31.9837018],[-52.1151395,-31.983487],[-52.1150129,-31.9834999],[-52.1149977,-31.9834054],[-52.1151294,-31.9834011],[-52.1151901,-31.9832679],[-52.115175,-31.9831734],[-52.1149727,-31.9830889],[-52.1149065,-31.9831777],[-52.1147698,-31.9832507],[-52.1146229,-31.9831949],[-52.1144912,-31.9832421],[-52.1144254,-31.9832078],[-52.114476,-31.9831476],[-52.1142228,-31.9830875],[-52.1140101,-31.9829715],[-52.1139594,-31.9826922],[-52.1138227,-31.9826321],[-52.1135948,-31.9828684],[-52.1135087,-31.9830015],[-52.1134074,-31.9834268],[-52.1135492,-31.9838392],[-52.1137467,-31.9838822],[-52.1137112,-31.9840497],[-52.1140202,-31.9841915],[-52.1143342,-31.984445],[-52.1146229,-31.9844063],[-52.1146229,-31.9845481],[-52.1144558,-31.9848316],[-52.1145013,-31.9850292],[-52.1142025,-31.9852998],[-52.1140455,-31.9852182],[-52.1142025,-31.9850292],[-52.114243,-31.9848917],[-52.1141924,-31.9847113],[-52.1140354,-31.9845953],[-52.1137973,-31.9845352],[-52.113539,-31.9848058],[-52.1135948,-31.9850765],[-52.1137822,-31.985171],[-52.1139645,-31.9851881],[-52.1139037,-31.9853041],[-52.1136403,-31.9854287],[-52.1134783,-31.9853643],[-52.1133618,-31.985476],[-52.1131744,-31.9854373],[-52.1130731,-31.9852741],[-52.1129515,-31.9850292],[-52.1127793,-31.9850722],[-52.1127641,-31.9852397],[-52.1124957,-31.9852955],[-52.1124805,-31.9852268],[-52.1123995,-31.9851624],[-52.1121159,-31.9851753],[-52.1121766,-31.9850893],[-52.1123184,-31.985012],[-52.1125919,-31.9850808],[-52.1126679,-31.9849991],[-52.1126831,-31.9849433],[-52.11244,-31.9848617],[-52.1124603,-31.9843891],[-52.1125058,-31.984097],[-52.1126325,-31.9839338],[-52.1130427,-31.9838865],[-52.1131693,-31.984054],[-52.1133466,-31.9841013],[-52.113458,-31.9839982],[-52.113458,-31.983792],[-52.1133719,-31.9835815],[-52.1133719,-31.9833237],[-52.1134226,-31.9829801],[-52.1130933,-31.9829156],[-52.1130123,-31.9828813],[-52.1128097,-31.9828684],[-52.1127591,-31.9829972],[-52.1128908,-31.9831218],[-52.1127602,-31.9832846],[-52.112597,-31.9832937],[-52.1122881,-31.9833624],[-52.112126,-31.9834526],[-52.1120399,-31.9836159],[-52.1119031,-31.9836631],[-52.1118272,-31.9835815],[-52.1114017,-31.9838607],[-52.1105964,-31.9839896],[-52.1100862,-31.9838512],[-52.109857,-31.9839767],[-52.1095784,-31.9840497],[-52.1092391,-31.9840841],[-52.1086313,-31.9843247],[-52.1073601,-31.9848273],[-52.1071269,-31.9848236],[-52.107279,-31.9849046],[-52.1072993,-31.9850722],[-52.1072486,-31.9852784],[-52.1070157,-31.9852955],[-52.1067624,-31.985506],[-52.1066308,-31.9855361],[-52.1066409,-31.9856521],[-52.1066308,-31.9857122],[-52.1067118,-31.9858282],[-52.1067017,-31.9858798],[-52.1065244,-31.9859098],[-52.1063775,-31.9859743],[-52.1063775,-31.9861032],[-52.1062864,-31.9861246],[-52.1062104,-31.9863394],[-52.1059825,-31.9862793],[-52.106028,-31.9863824],[-52.1058941,-31.9866038],[-52.1047872,-31.9870611],[-52.1047112,-31.9872458],[-52.1046049,-31.9872931],[-52.1046403,-31.9874262],[-52.1044175,-31.9874606],[-52.1043567,-31.9877055],[-52.1044985,-31.9878129],[-52.1044377,-31.9879203],[-52.1042706,-31.9878644],[-52.1040325,-31.9881737],[-52.1038148,-31.9881823],[-52.1037287,-31.9883498],[-52.1038654,-31.9884486],[-52.1037945,-31.9884572],[-52.1036527,-31.9884959],[-52.1036122,-31.988629],[-52.103521,-31.988715],[-52.1034349,-31.9886462],[-52.1033792,-31.9888052],[-52.1031715,-31.9887407],[-52.1030854,-31.9888782],[-52.1031158,-31.988977],[-52.1030753,-31.9890844],[-52.1029082,-31.9890629],[-52.1027461,-31.9892004],[-52.1029031,-31.9893722],[-52.1028879,-31.9894409],[-52.1027714,-31.989398],[-52.1026701,-31.9892605],[-52.1025477,-31.9893282],[-52.1025131,-31.9894538],[-52.1026043,-31.989544],[-52.1025942,-31.9897244],[-52.1024169,-31.9897158],[-52.1023814,-31.9896127],[-52.1022396,-31.9895784],[-52.1020674,-31.9896299],[-52.1020928,-31.9898877],[-52.1020067,-31.9898103],[-52.1018902,-31.9897932],[-52.1018851,-31.9899134],[-52.1018041,-31.9899349],[-52.1016623,-31.989892],[-52.1014394,-31.9901239],[-52.101328,-31.9902743],[-52.1014647,-31.9903988],[-52.1012621,-31.9904461],[-52.1012166,-31.990386],[-52.1010747,-31.9903602],[-52.1008856,-31.9905641],[-52.1007861,-31.9907897],[-52.1008671,-31.9908241],[-52.1008722,-31.9908928],[-52.1005885,-31.9909401],[-52.1005278,-31.9908756],[-52.1004619,-31.9909959],[-52.1004011,-31.9910475],[-52.100472,-31.9911377],[-52.1003961,-31.9911248],[-52.1003252,-31.991215],[-52.1003353,-31.9912622],[-52.1002239,-31.9913009],[-52.1002289,-31.9914598],[-52.1000517,-31.9915887],[-52.0999909,-31.9915329],[-52.099925,-31.9916145],[-52.100001,-31.9916961],[-52.0999656,-31.9917262],[-52.0998491,-31.991636],[-52.0997174,-31.9917648],[-52.0998744,-31.9920226],[-52.0997377,-31.9921557],[-52.0995756,-31.9922116],[-52.0996617,-31.9922932],[-52.0995857,-31.9924607],[-52.0993831,-31.992581],[-52.0990387,-31.9927227],[-52.0989222,-31.9928902],[-52.0990387,-31.992989],[-52.0989982,-31.9931823],[-52.0987061,-31.9936063],[-52.0986036,-31.9935701],[-52.0985634,-31.9936327],[-52.0984841,-31.9936408],[-52.0982942,-31.9935689],[-52.0982512,-31.9936662],[-52.0980916,-31.9937064],[-52.0980866,-31.9938009],[-52.0979245,-31.9938138],[-52.0978384,-31.9939598],[-52.097889,-31.9940457],[-52.097808,-31.9941059],[-52.0977219,-31.9940543],[-52.0977624,-31.9939813],[-52.0977067,-31.9939254],[-52.0975801,-31.9940328],[-52.0976054,-31.9940801],[-52.0975142,-31.9941574],[-52.0973218,-31.9941875],[-52.0971975,-31.9943785],[-52.0973977,-31.9944667],[-52.0974332,-31.9946771],[-52.0974383,-31.9947931],[-52.0973724,-31.9949993],[-52.097418,-31.9951024],[-52.0973218,-31.9952613],[-52.0971243,-31.995373],[-52.0971648,-31.995519],[-52.0970736,-31.9955963],[-52.0971091,-31.995678],[-52.0972762,-31.9958025],[-52.0971901,-31.9958111],[-52.0970179,-31.9959743],[-52.0969369,-31.9963266],[-52.0968204,-31.9964511],[-52.0968508,-31.9966358],[-52.0969521,-31.9966659],[-52.0969217,-31.9970353],[-52.0969926,-31.9973188],[-52.0969369,-31.9974562],[-52.0972154,-31.9977053],[-52.0971901,-31.9978428],[-52.0970989,-31.998079],[-52.0968558,-31.9985171],[-52.096714,-31.9985171],[-52.0966938,-31.9986288],[-52.0969369,-31.9987276],[-52.0968204,-31.9989467],[-52.0969419,-31.9989982],[-52.0970331,-31.9991185],[-52.097028,-31.9993934],[-52.0969774,-31.9995995],[-52.096871,-31.9996854],[-52.0969217,-31.9998014],[-52.0968305,-32.0000978],[-52.0967748,-32.00045],[-52.0967799,-32.0007764],[-52.0967393,-32.0008666],[-52.0968102,-32.0009997],[-52.0967849,-32.001382],[-52.0967292,-32.0015366],[-52.0966938,-32.0020348],[-52.0966956,-32.0023613],[-52.0966887,-32.0029067],[-52.096633,-32.0034007],[-52.0966532,-32.003624],[-52.0966026,-32.0037915],[-52.0966279,-32.0045045],[-52.0967748,-32.0047664],[-52.096871,-32.0053806],[-52.0968147,-32.0057387],[-52.097058,-32.0064463],[-52.0971425,-32.0064886],[-52.0971303,-32.0065424],[-52.0972263,-32.0065498],[-52.0972918,-32.006707],[-52.0974617,-32.0066919],[-52.0976161,-32.0067574],[-52.0977265,-32.0069643],[-52.0978576,-32.0069804],[-52.0979533,-32.0071512],[-52.0981624,-32.0073651],[-52.0984273,-32.0073641],[-52.0986472,-32.0073083],[-52.098961,-32.0071059],[-52.098877,-32.0069632],[-52.0988743,-32.006497],[-52.0989671,-32.0064073],[-52.0989199,-32.0062412],[-52.0988144,-32.0062239],[-52.0987195,-32.0058262],[-52.0986258,-32.0057358],[-52.0982233,-32.0056898],[-52.0985778,-32.0056297],[-52.0986791,-32.0055309],[-52.0986538,-32.0054064],[-52.0985221,-32.0053119],[-52.0984613,-32.0053634],[-52.0983195,-32.0053248],[-52.0982942,-32.0051959],[-52.0983145,-32.0050671],[-52.0982588,-32.0049511],[-52.0981777,-32.0049597],[-52.0978738,-32.004702],[-52.097753,-32.0041465],[-52.0977219,-32.003813],[-52.0980005,-32.0034737],[-52.098676,-32.0030473],[-52.0992616,-32.0028337],[-52.1000938,-32.0026587],[-52.1004163,-32.0026404],[-52.1006189,-32.0026662],[-52.1007101,-32.0027564],[-52.1009127,-32.0027865],[-52.1010038,-32.002881],[-52.1017028,-32.0029626],[-52.1017737,-32.0029239],[-52.1019408,-32.0029626],[-52.1020573,-32.0029024],[-52.1020928,-32.0029883],[-52.1024523,-32.0031344],[-52.1026094,-32.0033405],[-52.1026397,-32.0034479],[-52.1030449,-32.0035467],[-52.1035615,-32.0037657],[-52.1040815,-32.0038821],[-52.1044479,-32.0041523],[-52.1046859,-32.0043928],[-52.1049695,-32.0044186],[-52.1054963,-32.0046848],[-52.105543,-32.004926],[-52.1055266,-32.0052002],[-52.105714,-32.0053806],[-52.1061445,-32.0055395],[-52.1065548,-32.0054579],[-52.1069806,-32.0054451],[-52.1073297,-32.0054966],[-52.1074968,-32.0056383],[-52.1080489,-32.0059776],[-52.1083072,-32.0061966],[-52.1086718,-32.006377],[-52.1090568,-32.0066046],[-52.1092442,-32.0066347],[-52.1095126,-32.0068409],[-52.1097506,-32.0071114],[-52.1099836,-32.0072618],[-52.1104799,-32.0073476],[-52.1108902,-32.0075839],[-52.1118221,-32.0080864],[-52.1121108,-32.0082667],[-52.1125464,-32.0085287],[-52.112884,-32.0089163],[-52.1129211,-32.0091858],[-52.1132098,-32.0094564],[-52.1137771,-32.0095981],[-52.1141823,-32.0098214],[-52.1144406,-32.0098601],[-52.1148711,-32.0099717],[-52.1153421,-32.0099889],[-52.115489,-32.0100361],[-52.1155903,-32.0102036],[-52.1158941,-32.0104141],[-52.1163601,-32.0105902],[-52.1167248,-32.0106932],[-52.1169983,-32.0108178],[-52.1171502,-32.0107619],[-52.1171958,-32.0108521],[-52.1176972,-32.0109037],[-52.1180536,-32.0110397],[-52.1184164,-32.0112902],[-52.1189229,-32.0113975],[-52.1192318,-32.0114061],[-52.1196775,-32.011419],[-52.1203157,-32.0115822],[-52.1205284,-32.0118614],[-52.1209285,-32.0120374],[-52.1212881,-32.0119945],[-52.1217895,-32.0120546],[-52.1223213,-32.0123638],[-52.1224732,-32.0122994],[-52.123471,-32.0125442],[-52.1234659,-32.0126215],[-52.1246268,-32.0128903],[-52.1248435,-32.0129737],[-52.1258008,-32.0132227],[-52.1262718,-32.0134418],[-52.126368,-32.0134589],[-52.1263883,-32.0135448],[-52.126839,-32.0137595],[-52.1273708,-32.01397],[-52.1276342,-32.0139872],[-52.1276443,-32.0141074],[-52.1278934,-32.0142848],[-52.1281407,-32.0144467],[-52.12848,-32.0145669],[-52.1285864,-32.0145197],[-52.1287434,-32.0144939],[-52.130126,-32.0144853],[-52.1304987,-32.0145001],[-52.1319696,-32.0143896],[-52.1321386,-32.0144169],[-52.1331041,-32.014816],[-52.1335194,-32.014962],[-52.1341525,-32.0150822],[-52.134274,-32.0153013],[-52.1346336,-32.0156019],[-52.1346539,-32.0157693],[-52.1346995,-32.015881],[-52.134816,-32.0159669],[-52.1346995,-32.0161816],[-52.1350743,-32.0163877],[-52.1354693,-32.0163319],[-52.1358188,-32.0164135],[-52.1361531,-32.0165552],[-52.1363202,-32.0168258],[-52.1364975,-32.0171006],[-52.1364924,-32.0172853],[-52.1369786,-32.0177147],[-52.137315,-32.0179584],[-52.1376421,-32.0180153],[-52.1378852,-32.0180325],[-52.1381739,-32.0181656],[-52.1382549,-32.0182901],[-52.1388171,-32.0184877],[-52.1395819,-32.0185993],[-52.1400681,-32.0188097],[-52.1404378,-32.0189901],[-52.1406607,-32.019252],[-52.140843,-32.0193164],[-52.141937,-32.0194066],[-52.1425346,-32.0193594],[-52.1425599,-32.0194839],[-52.1426714,-32.0195526],[-52.1426815,-32.0196471],[-52.1431171,-32.0196643],[-52.1434234,-32.0197866],[-52.1434716,-32.0198747],[-52.1437046,-32.0200164],[-52.1439477,-32.0199906],[-52.1446314,-32.0201495],[-52.1462015,-32.0208409],[-52.1465155,-32.0211801],[-52.1471334,-32.0215022],[-52.1477513,-32.0216052],[-52.1483763,-32.0218491],[-52.1490529,-32.0221463],[-52.1492099,-32.0222622],[-52.149453,-32.0223997],[-52.1494936,-32.0224941],[-52.1497417,-32.0226573],[-52.1507243,-32.0234216],[-52.1519044,-32.0243706],[-52.1519601,-32.0244908],[-52.1520968,-32.0245724],[-52.1524564,-32.0245767],[-52.1527798,-32.0247164],[-52.1529477,-32.0249031],[-52.1533326,-32.0250018],[-52.1539455,-32.025238],[-52.1540721,-32.0253239],[-52.1544215,-32.0254699],[-52.1548217,-32.0256545],[-52.1551964,-32.0257361],[-52.1556472,-32.026041],[-52.1559055,-32.0263287],[-52.1559916,-32.026509],[-52.1561486,-32.0266765],[-52.1569235,-32.0268654],[-52.157982,-32.0271016],[-52.1583366,-32.0269942],[-52.1585797,-32.026758],[-52.1585442,-32.0266335],[-52.1589342,-32.0267538],[-52.1591267,-32.0268955],[-52.1592051,-32.0270674],[-52.1593748,-32.027239],[-52.1595471,-32.0273291],[-52.1597446,-32.0273663],[-52.1600964,-32.0273839],[-52.1605043,-32.0273721],[-52.1607322,-32.0274021],[-52.1610513,-32.0274751],[-52.1616489,-32.0274236],[-52.162358,-32.0276383],[-52.162753,-32.0276039],[-52.1627834,-32.0275095],[-52.1630113,-32.0274064],[-52.1632392,-32.0273978],[-52.1633203,-32.0275911],[-52.1636495,-32.0276855],[-52.164394,-32.027707],[-52.1645713,-32.0274837],[-52.1645257,-32.0273549],[-52.1648853,-32.0271917],[-52.1652195,-32.0272046],[-52.165355,-32.0273264],[-52.1654677,-32.0272089],[-52.1657564,-32.0271746],[-52.1662882,-32.0269727],[-52.1665769,-32.0269513],[-52.1670226,-32.027123],[-52.167286,-32.0272776],[-52.1673771,-32.0274708],[-52.1675139,-32.0275309],[-52.1675037,-32.0275739],[-52.167681,-32.0277285],[-52.1679798,-32.0276641],[-52.167995,-32.0275696],[-52.1682381,-32.0275181],[-52.1683597,-32.0275911],[-52.1686079,-32.0276383],[-52.1687699,-32.0281106],[-52.1689826,-32.0282738],[-52.1693726,-32.0283296],[-52.1700007,-32.0282351],[-52.1701931,-32.0280161],[-52.1701729,-32.0278229],[-52.1707553,-32.0276039],[-52.1711959,-32.0275052],[-52.1716619,-32.0276082],[-52.1719455,-32.0277542],[-52.1719759,-32.0278444],[-52.1720975,-32.0276769],[-52.1723102,-32.0275782],[-52.1724672,-32.0275395],[-52.1727052,-32.0276125],[-52.1728433,-32.0275427],[-52.1729686,-32.0275224],[-52.173161,-32.027634],[-52.1731864,-32.0277671],[-52.1734092,-32.0279088],[-52.1735561,-32.0278873],[-52.1738853,-32.0280376],[-52.174098,-32.0283038],[-52.1741942,-32.0282909],[-52.1745083,-32.0284155],[-52.1746957,-32.0284026],[-52.1748932,-32.0285786],[-52.1748679,-32.0287117],[-52.1752528,-32.0289565],[-52.1757086,-32.0292957],[-52.1759416,-32.0295705],[-52.1762759,-32.0295361],[-52.1768228,-32.029665],[-52.1770204,-32.0293343],[-52.1775066,-32.0295018],[-52.1780434,-32.029738],[-52.1783119,-32.0297165],[-52.1787221,-32.0299011],[-52.1788437,-32.0301459],[-52.1790643,-32.0301412],[-52.1792539,-32.0302575],[-52.1793755,-32.0303863],[-52.1796692,-32.0303477],[-52.1798262,-32.0304335],[-52.1801909,-32.0304335],[-52.1804543,-32.030455],[-52.1806974,-32.0303047],[-52.1809557,-32.0302403],[-52.1811532,-32.0302446],[-52.1811532,-32.03009],[-52.1812595,-32.0298839],[-52.1815925,-32.0297871],[-52.1818319,-32.0298882],[-52.181999,-32.0298582],[-52.1821408,-32.0298968],[-52.1822067,-32.0299784],[-52.1822573,-32.0300986],[-52.1821813,-32.0301802],[-52.182232,-32.0302575],[-52.1823181,-32.0302231],[-52.1823333,-32.0301287],[-52.1824244,-32.0300814],[-52.1825814,-32.03009],[-52.1825055,-32.0300085],[-52.1825004,-32.0298882],[-52.1825814,-32.0297637],[-52.1828448,-32.0295963],[-52.1833969,-32.0293343],[-52.1838071,-32.0292313],[-52.1840958,-32.0292485],[-52.184501,-32.028978],[-52.1846681,-32.0289608],[-52.1848656,-32.0289737],[-52.1851138,-32.0287719],[-52.1854531,-32.0286302],[-52.1857773,-32.0285958],[-52.1862492,-32.0286133],[-52.1864863,-32.0286688],[-52.1864813,-32.0287976],[-52.1867295,-32.0289135],[-52.1869624,-32.0287676],[-52.1869017,-32.0286688],[-52.1868865,-32.0286044],[-52.1871802,-32.0284928],[-52.1874689,-32.0284756],[-52.1875803,-32.02854],[-52.1878336,-32.0285013],[-52.1880716,-32.0283897],[-52.1887807,-32.0281621],[-52.1887756,-32.0280977],[-52.1889073,-32.0280548],[-52.1892314,-32.0280161],[-52.1892416,-32.0280763],[-52.1895151,-32.0280505],[-52.1898341,-32.028102],[-52.1901988,-32.0280247],[-52.1908015,-32.0282137],[-52.1908572,-32.0283038],[-52.190842,-32.0284069],[-52.1909079,-32.0284627],[-52.1912523,-32.0285314],[-52.1914397,-32.0284412],[-52.1918246,-32.0283596],[-52.1918499,-32.0282909],[-52.1923843,-32.0282081],[-52.192873,-32.0280033],[-52.1933896,-32.0278916],[-52.1942881,-32.0278739],[-52.1954523,-32.0281461],[-52.1962085,-32.0284505],[-52.1964968,-32.028718],[-52.1975957,-32.0306827],[-52.1981996,-32.0318449],[-52.1982779,-32.0320955],[-52.19831,-32.0321671],[-52.1983446,-32.0322001],[-52.1983835,-32.032216],[-52.1984113,-32.0322175],[-52.1985885,-32.0321847],[-52.1987549,-32.032094],[-52.1987835,-32.0320784],[-52.1988049,-32.0320585],[-52.1988076,-32.0320381],[-52.1987962,-32.0320159],[-52.198711,-32.0319471],[-52.1985461,-32.0318448],[-52.1984026,-32.031751],[-52.1982431,-32.0315589],[-52.197117,-32.0295297],[-52.1970626,-32.0292437],[-52.1965512,-32.0282706],[-52.1963173,-32.0276157],[-52.1966763,-32.0266702],[-52.1979408,-32.0261813],[-52.1984037,-32.0260882],[-52.1988494,-32.0261397],[-52.1989912,-32.0260667],[-52.1990064,-32.0257662],[-52.1991178,-32.0252852],[-52.1994267,-32.0250619],[-52.1999585,-32.0243191],[-52.2001814,-32.0241731],[-52.2011335,-32.0233615],[-52.2012247,-32.0231039],[-52.2011639,-32.0228505],[-52.2015868,-32.0223481],[-52.2019186,-32.0221205],[-52.2022225,-32.0218285],[-52.2023795,-32.0214421],[-52.2024554,-32.0208624],[-52.2029467,-32.0200593],[-52.2037115,-32.0184404],[-52.2037571,-32.0171994],[-52.2042281,-32.0163061],[-52.2044408,-32.0160828],[-52.204689,-32.0162288],[-52.2048612,-32.0161515],[-52.2049473,-32.0157865],[-52.2052005,-32.0156835],[-52.2052107,-32.0154258],[-52.205003,-32.0150049],[-52.2050435,-32.0146184],[-52.2050033,-32.0141451],[-52.2053373,-32.0132099],[-52.2055095,-32.0126902],[-52.2055196,-32.0125055],[-52.2056462,-32.0122822],[-52.2059248,-32.0120933],[-52.2063654,-32.0115607]],[[-52.2000003,-32.0346858],[-52.1999404,-32.034612],[-52.1998806,-32.0344091],[-52.1998534,-32.0341047],[-52.1998207,-32.0339525],[-52.1997283,-32.0339615],[-52.1994399,-32.0340816],[-52.1994726,-32.0341923],[-52.1994508,-32.0342938],[-52.1997065,-32.0347273],[-52.1998262,-32.0347964],[-52.1999676,-32.0347549],[-52.2000003,-32.0346858]],[[-52.1399767,-31.9576403],[-52.1375734,-31.9567664],[-52.1349985,-31.9558925],[-52.1315653,-31.9556012],[-52.1295054,-31.9567664],[-52.1279604,-31.9585141],[-52.1283037,-31.9611357],[-52.1293337,-31.9627377],[-52.1313936,-31.9640484],[-52.1336252,-31.9637571],[-52.1343119,-31.9621552],[-52.1356852,-31.9606988],[-52.1379168,-31.9598249],[-52.1391184,-31.9589511],[-52.1399767,-31.9576403]],[[-52.1328653,-32.022257],[-52.1325147,-32.0212304],[-52.1322113,-32.0208902],[-52.1313223,-32.0211356],[-52.1310581,-32.0213819],[-52.1307839,-32.0215019],[-52.1304542,-32.0215285],[-52.1300976,-32.0222082],[-52.1297003,-32.022921],[-52.1291638,-32.0235395],[-52.1288365,-32.0237416],[-52.128443,-32.0239602],[-52.1284879,-32.0242854],[-52.1286167,-32.0248676],[-52.1300143,-32.0245758],[-52.1310769,-32.0243722],[-52.1320036,-32.0243361],[-52.1324813,-32.0240224],[-52.13264,-32.023485],[-52.1327176,-32.0230151],[-52.1326798,-32.0225947],[-52.1328653,-32.022257]],[[-52.1280561,-31.9732655],[-52.128039,-31.9729837],[-52.1279965,-31.9727381],[-52.1277751,-31.9725503],[-52.127213,-31.9722686],[-52.1266425,-31.9719508],[-52.1263956,-31.9716762],[-52.1264041,-31.9714812],[-52.1262763,-31.9713151],[-52.1261742,-31.9713151],[-52.1259357,-31.971474],[-52.1256547,-31.9717702],[-52.1254078,-31.9721025],[-52.1255014,-31.9722325],[-52.1258931,-31.9723625],[-52.1262849,-31.972442],[-52.1264637,-31.9724275],[-52.126651,-31.9725503],[-52.1267106,-31.9727526],[-52.1268469,-31.9729548],[-52.1271023,-31.9731354],[-52.1272045,-31.9734027],[-52.1272386,-31.9736917],[-52.1274515,-31.9737711],[-52.127724,-31.973735],[-52.1279794,-31.9735255],[-52.1280561,-31.9732655]],[[-52.1266401,-31.9758824],[-52.1265113,-31.9757095],[-52.1262217,-31.9753727],[-52.1260929,-31.9749359],[-52.1260715,-31.9746356],[-52.1258676,-31.9744171],[-52.1255672,-31.9743716],[-52.1252775,-31.9744171],[-52.1252193,-31.9745245],[-52.1253955,-31.9747539],[-52.1254814,-31.9749723],[-52.1254385,-31.9753636],[-52.1252883,-31.9757732],[-52.1249664,-31.9759825],[-52.1249342,-31.9761645],[-52.1250093,-31.9765741],[-52.125181,-31.9770746],[-52.125535,-31.9771929],[-52.1257925,-31.9771019],[-52.1260822,-31.976838],[-52.1264577,-31.9766651],[-52.1264899,-31.9763829],[-52.1265328,-31.9761008],[-52.1266401,-31.9758824]],[[-52.1252132,-31.9690655],[-52.1250522,-31.9688926],[-52.1242261,-31.968483],[-52.1233034,-31.9680734],[-52.1223807,-31.9674727],[-52.1219194,-31.9673817],[-52.1213722,-31.9676366],[-52.1207392,-31.9679551],[-52.1204603,-31.968483],[-52.1203101,-31.9692567],[-52.120589,-31.9700303],[-52.1208465,-31.9707402],[-52.1212435,-31.9713136],[-52.1214044,-31.9714137],[-52.121973,-31.9713591],[-52.1230674,-31.9705855],[-52.124387,-31.969821],[-52.1248591,-31.969284],[-52.1251381,-31.9692294],[-52.1252132,-31.9690655]],[[-52.1173382,-31.9779574],[-52.1173288,-31.977921],[-52.1172711,-31.9778266],[-52.117247,-31.9778016],[-52.1172094,-31.9777845],[-52.1171464,-31.9777617],[-52.1171156,-31.9777435],[-52.1170726,-31.9777094],[-52.117015,-31.9776309],[-52.1169627,-31.9775854],[-52.1169238,-31.9775706],[-52.116897,-31.9775672],[-52.1168701,-31.977574],[-52.1168339,-31.9775945],[-52.1167897,-31.9776275],[-52.1167414,-31.9776457],[-52.1166341,-31.9776594],[-52.1164584,-31.9776662],[-52.1163873,-31.9776628],[-52.1163404,-31.9776514],[-52.1162733,-31.9776173],[-52.1162251,-31.9775877],[-52.1161754,-31.9775661],[-52.1161138,-31.9775547],[-52.1160373,-31.9775558],[-52.1159743,-31.9775649],[-52.1159153,-31.9775718],[-52.1158509,-31.9775661],[-52.1157905,-31.9775513],[-52.1157289,-31.9775479],[-52.1156779,-31.977549],[-52.1156149,-31.9775592],[-52.1155867,-31.9775581],[-52.1155451,-31.9775433],[-52.1154808,-31.9775149],[-52.115458,-31.9775092],[-52.1154352,-31.9775092],[-52.1154217,-31.9775172],[-52.115411,-31.9775331],[-52.1154003,-31.9775638],[-52.1153815,-31.9775786],[-52.1153574,-31.9775797],[-52.1153212,-31.9775706],[-52.115242,-31.9775456],[-52.1151629,-31.9775331],[-52.1151187,-31.9775365],[-52.1150328,-31.9775638],[-52.1149188,-31.9776377],[-52.1148397,-31.9776787],[-52.11466,-31.9777731],[-52.1145661,-31.9778175],[-52.1144991,-31.9778425],[-52.1144038,-31.9778584],[-52.1143287,-31.9778493],[-52.1142563,-31.9778357],[-52.1141906,-31.9778368],[-52.1141236,-31.9778459],[-52.1140914,-31.9778584],[-52.1140471,-31.9779017],[-52.1140109,-31.9779255],[-52.1139465,-31.977929],[-52.1138781,-31.977921],[-52.1138071,-31.9778846],[-52.1134664,-31.9777549],[-52.1133953,-31.9777401],[-52.1133551,-31.9777492],[-52.1133135,-31.9777811],[-52.1132545,-31.9778744],[-52.1131969,-31.9779881],[-52.1131445,-31.9780348],[-52.1130708,-31.97807],[-52.1130131,-31.9780825],[-52.1129514,-31.9780882],[-52.1129139,-31.9781042],[-52.1128482,-31.9781474],[-52.1127918,-31.978194],[-52.1127409,-31.9782281],[-52.1127006,-31.9782407],[-52.1126309,-31.9782441],[-52.112592,-31.9782464],[-52.1125732,-31.9782589],[-52.1125598,-31.978293],[-52.1125638,-31.9783419],[-52.1125504,-31.9783999],[-52.112482,-31.978566],[-52.1124525,-31.9786263],[-52.1123841,-31.9787037],[-52.1122956,-31.9788026],[-52.1122339,-31.9788732],[-52.1121709,-31.978905],[-52.1121039,-31.9789198],[-52.1120408,-31.9789198],[-52.1119979,-31.9789187],[-52.1119536,-31.97893],[-52.1119255,-31.9789676],[-52.1119148,-31.9790108],[-52.1119027,-31.9790745],[-52.1118383,-31.9792395],[-52.1117686,-31.9794636],[-52.1117216,-31.9795489],[-52.1116774,-31.9795955],[-52.1115996,-31.9797116],[-52.1115339,-31.9797957],[-52.1114829,-31.9798367],[-52.1114387,-31.979856],[-52.1113569,-31.9798629],[-52.1112764,-31.9798606],[-52.1112201,-31.9798617],[-52.1111597,-31.9798708],[-52.1111289,-31.9798833],[-52.1111222,-31.9799038],[-52.1111262,-31.979922],[-52.1111383,-31.9799436],[-52.1111879,-31.9800039],[-52.1112563,-31.9801029],[-52.1112683,-31.9801723],[-52.1112469,-31.9802439],[-52.1111771,-31.9803622],[-52.1110296,-31.9804783],[-52.1109089,-31.980542],[-52.1108151,-31.9805966],[-52.1107265,-31.9806557],[-52.1106648,-31.9807058],[-52.1105897,-31.9807593],[-52.1105441,-31.9807706],[-52.1104784,-31.9807593],[-52.1104154,-31.980724],[-52.1103483,-31.980666],[-52.110284,-31.9806205],[-52.1102209,-31.9806045],[-52.1101499,-31.9806045],[-52.1099943,-31.9806421],[-52.1098575,-31.9806876],[-52.1097676,-31.980724],[-52.1096523,-31.9807752],[-52.109545,-31.9808377],[-52.1094739,-31.9808571],[-52.1094203,-31.980865],[-52.1093921,-31.9808832],[-52.1093895,-31.980906],[-52.1094055,-31.9809344],[-52.1094458,-31.9809674],[-52.1095464,-31.9809993],[-52.1095799,-31.9810209],[-52.1096,-31.9810516],[-52.1096121,-31.981088],[-52.109604,-31.9811585],[-52.1096107,-31.9811836],[-52.1096295,-31.9812075],[-52.1096845,-31.9812245],[-52.1097583,-31.9812302],[-52.1098039,-31.981245],[-52.1098535,-31.9812734],[-52.1099333,-31.9813781],[-52.1099272,-31.9814207],[-52.1099225,-31.9814361],[-52.1099279,-31.9814532],[-52.1099447,-31.981468],[-52.1099816,-31.9814731],[-52.1100305,-31.9814759],[-52.1100607,-31.9814873],[-52.1101137,-31.9815237],[-52.1101351,-31.9815555],[-52.1101499,-31.9815908],[-52.1101445,-31.9816272],[-52.1101391,-31.9816613],[-52.1101432,-31.9816818],[-52.1101646,-31.981708],[-52.1101981,-31.9817228],[-52.1102451,-31.981758],[-52.1102585,-31.9817842],[-52.1102612,-31.9818195],[-52.1102464,-31.9818456],[-52.1102048,-31.9818638],[-52.1101753,-31.9818763],[-52.1101626,-31.9818826],[-52.1101606,-31.9818945],[-52.1101673,-31.9819161],[-52.1101874,-31.9819309],[-52.1102411,-31.98194],[-52.1102893,-31.9819707],[-52.1103323,-31.9820208],[-52.1103457,-31.9820845],[-52.1103255,-31.9822631],[-52.1103121,-31.9823086],[-52.1102907,-31.9823495],[-52.1102572,-31.9823916],[-52.1102116,-31.982444],[-52.1101847,-31.9824565],[-52.1101512,-31.9824531],[-52.1101016,-31.9824201],[-52.1100372,-31.9823621],[-52.110001,-31.982345],[-52.1099634,-31.9823393],[-52.1099004,-31.9823575],[-52.109765,-31.9824246],[-52.1097127,-31.9824599],[-52.1096966,-31.9824906],[-52.1096966,-31.9825293],[-52.1097167,-31.9825748],[-52.1097501,-31.9826329],[-52.1097596,-31.9826726],[-52.1097569,-31.9827113],[-52.1097355,-31.98275],[-52.1096845,-31.9827921],[-52.1096738,-31.9828353],[-52.1096765,-31.9828603],[-52.1097127,-31.982949],[-52.1097529,-31.9830059],[-52.1098253,-31.983056],[-52.1099138,-31.9830719],[-52.1100694,-31.9831106],[-52.1101472,-31.983106],[-52.1101874,-31.9830855],[-52.1102652,-31.9829991],[-52.1103618,-31.9829172],[-52.1104395,-31.9829013],[-52.1105012,-31.9829126],[-52.1105844,-31.9829763],[-52.1106353,-31.9830582],[-52.1107024,-31.9832107],[-52.1107131,-31.983379],[-52.1106917,-31.9835701],[-52.110697,-31.9836634],[-52.1107319,-31.9837294],[-52.1107963,-31.9837817],[-52.1108928,-31.9837862],[-52.1109572,-31.9837703],[-52.1110028,-31.9837339],[-52.1110591,-31.9836588],[-52.111086,-31.9834973],[-52.1110618,-31.9833199],[-52.1110243,-31.9832357],[-52.1109116,-31.9830309],[-52.1107775,-31.9828262],[-52.1106648,-31.982676],[-52.1106112,-31.982585],[-52.1106085,-31.9825122],[-52.1106166,-31.9824508],[-52.1106729,-31.9823894],[-52.1107292,-31.9823712],[-52.1108821,-31.9823962],[-52.111043,-31.9824121],[-52.1112227,-31.9824007],[-52.1113113,-31.9823848],[-52.111373,-31.9823916],[-52.1114534,-31.9824053],[-52.1115741,-31.982428],[-52.1116707,-31.9824189],[-52.1118075,-31.9823939],[-52.1118826,-31.9824098],[-52.1119308,-31.9824485],[-52.1119604,-31.982535],[-52.1119845,-31.9825827],[-52.1120274,-31.9826191],[-52.1120864,-31.9826373],[-52.1121696,-31.982626],[-52.1122769,-31.9825691],[-52.1123788,-31.9825304],[-52.1125263,-31.9825008],[-52.1128052,-31.9824826],[-52.1130118,-31.9824849],[-52.113162,-31.9825281],[-52.11328,-31.9826032],[-52.1133712,-31.9826942],[-52.1134195,-31.9827079],[-52.1134463,-31.9826988],[-52.1134758,-31.9826624],[-52.1135509,-31.9825372],[-52.1136716,-31.9823757],[-52.1138299,-31.9822779],[-52.1140686,-31.9821914],[-52.1141276,-31.9821687],[-52.1141383,-31.9821368],[-52.1141195,-31.9820959],[-52.1140149,-31.9819844],[-52.1138728,-31.9818069],[-52.1138406,-31.9816431],[-52.1138406,-31.9814702],[-52.1138862,-31.9813201],[-52.113964,-31.9811972],[-52.1140283,-31.9810971],[-52.1141142,-31.9810311],[-52.1141598,-31.9810061],[-52.1142389,-31.9809629],[-52.1142805,-31.9809208],[-52.1143046,-31.9808662],[-52.1143113,-31.9807991],[-52.1142966,-31.9807456],[-52.1142644,-31.980699],[-52.114208,-31.9806307],[-52.1141531,-31.9805829],[-52.1141396,-31.9805477],[-52.1141437,-31.9805181],[-52.1141624,-31.9804897],[-52.1142027,-31.980443],[-52.1142684,-31.9804021],[-52.1143314,-31.9803816],[-52.114381,-31.9803827],[-52.1144575,-31.9804043],[-52.1145286,-31.9804009],[-52.1146064,-31.9803884],[-52.1146426,-31.9803918],[-52.1146828,-31.98041],[-52.1147525,-31.9804623],[-52.1148048,-31.9805033],[-52.1148545,-31.9805306],[-52.1149148,-31.9805488],[-52.1149349,-31.9805647],[-52.1149403,-31.9805852],[-52.1149309,-31.9806068],[-52.1149001,-31.9806273],[-52.1148048,-31.9806626],[-52.1147163,-31.9807047],[-52.1146788,-31.9807354],[-52.1146707,-31.9807547],[-52.1146694,-31.9807809],[-52.1146788,-31.9808116],[-52.1146962,-31.9808355],[-52.1147311,-31.9808901],[-52.1147659,-31.9809504],[-52.1148169,-31.9809902],[-52.1148866,-31.9809936],[-52.1149376,-31.9809856],[-52.1149792,-31.9809504],[-52.1150878,-31.9808309],[-52.1151991,-31.980658],[-52.1152461,-31.9805932],[-52.1153158,-31.9805317],[-52.1154298,-31.9804612],[-52.1155129,-31.9804009],[-52.1155451,-31.98036],[-52.115588,-31.9802508],[-52.1156296,-31.980178],[-52.1156578,-31.9801461],[-52.1157168,-31.9801199],[-52.1157865,-31.9801074],[-52.1158844,-31.9800949],[-52.1159461,-31.9800744],[-52.1160145,-31.9800278],[-52.1161567,-31.9798822],[-52.1161741,-31.9798469],[-52.1161795,-31.9798117],[-52.1161741,-31.9797605],[-52.1161728,-31.9797025],[-52.1161848,-31.9796547],[-52.1162023,-31.9795955],[-52.1162117,-31.9795057],[-52.116209,-31.9794647],[-52.1161902,-31.9794135],[-52.1161701,-31.9793521],[-52.1161634,-31.9793077],[-52.1161862,-31.9791462],[-52.1162103,-31.9790529],[-52.1162398,-31.9789926],[-52.1162921,-31.9789437],[-52.1163739,-31.9788845],[-52.116437,-31.9788606],[-52.1165684,-31.9787981],[-52.1166421,-31.9787628],[-52.1166864,-31.9787276],[-52.1167709,-31.9786411],[-52.1169546,-31.9784204],[-52.117015,-31.9783442],[-52.1170887,-31.9782668],[-52.1172966,-31.978086],[-52.1173234,-31.9780473],[-52.1173368,-31.9780097],[-52.1173382,-31.9779574]],[[-52.1127985,-32.0157333],[-52.1126689,-32.015687],[-52.1125871,-32.0154846],[-52.1127985,-32.0152648],[-52.1126553,-32.0151144],[-52.1123756,-32.015045],[-52.1121322,-32.0152167],[-52.1118708,-32.0155019],[-52.1117889,-32.0158432],[-52.1114751,-32.0160225],[-52.1110658,-32.0163811],[-52.1107384,-32.0164968],[-52.110486,-32.0167976],[-52.1103018,-32.0169364],[-52.1101722,-32.0171041],[-52.1100153,-32.0173644],[-52.1098336,-32.0175215],[-52.1095309,-32.0175032],[-52.10914,-32.017558],[-52.1086987,-32.0173875],[-52.1082484,-32.0173818],[-52.1079892,-32.0176536],[-52.107893,-32.0178597],[-52.1076277,-32.0180874],[-52.1076072,-32.0183766],[-52.1075997,-32.0185382],[-52.1074025,-32.018394],[-52.1072797,-32.0184749],[-52.1070956,-32.018394],[-52.1071092,-32.0181279],[-52.1066249,-32.0180411],[-52.1065566,-32.0179312],[-52.106352,-32.0180007],[-52.1061814,-32.0177924],[-52.1062855,-32.0177325],[-52.1063315,-32.017428],[-52.1061405,-32.017295],[-52.1061269,-32.017162],[-52.1062633,-32.0172429],[-52.1063929,-32.0172661],[-52.1064543,-32.0173818],[-52.1065839,-32.0173702],[-52.1066044,-32.0174685],[-52.1067408,-32.0174685],[-52.1068704,-32.0175842],[-52.10685,-32.0176941],[-52.1069728,-32.0178271],[-52.1071501,-32.0178214],[-52.1072183,-32.0176478],[-52.1070819,-32.0175495],[-52.1073002,-32.0174512],[-52.1072525,-32.0173875],[-52.1074025,-32.0173413],[-52.1073957,-32.0174859],[-52.107689,-32.0174223],[-52.1075458,-32.0171388],[-52.1074503,-32.0171909],[-52.1073889,-32.0171446],[-52.1074912,-32.0170579],[-52.1072183,-32.0168959],[-52.1071842,-32.0167339],[-52.1072722,-32.0165604],[-52.1074844,-32.0165373],[-52.1078528,-32.0163869],[-52.1081802,-32.0161555],[-52.1081529,-32.0156407],[-52.1079756,-32.0153168],[-52.1077504,-32.0152532],[-52.1075731,-32.0154267],[-52.1072166,-32.0154509],[-52.1069455,-32.0154441],[-52.1067954,-32.0153862],[-52.1063452,-32.015473],[-52.1060218,-32.0156437],[-52.1059631,-32.0157738],[-52.1052128,-32.0160919],[-52.1050763,-32.0164968],[-52.1046534,-32.0167282],[-52.1044692,-32.0170694],[-52.1043805,-32.017428],[-52.1041486,-32.0177346],[-52.1038823,-32.0178723],[-52.103671,-32.017937],[-52.1033572,-32.0182262],[-52.1036185,-32.0187002],[-52.1034664,-32.0193888],[-52.1029548,-32.0198689],[-52.1023135,-32.0201349],[-52.1018701,-32.0204762],[-52.101836,-32.0207943],[-52.1013312,-32.0208868],[-52.1007786,-32.0209461],[-52.1004239,-32.0206902],[-52.1001853,-32.0207379],[-52.1000896,-32.0208406],[-52.1000692,-32.0212165],[-52.0997622,-32.021818],[-52.0994484,-32.0217544],[-52.0986707,-32.0220552],[-52.0984865,-32.0225873],[-52.0985289,-32.0230453],[-52.0986843,-32.023449],[-52.0989368,-32.0235532],[-52.099271,-32.023449],[-52.0997008,-32.0233392],[-52.0999191,-32.0233912],[-52.1002465,-32.0232987],[-52.1004785,-32.0231656],[-52.1006968,-32.0231656],[-52.100765,-32.0232582],[-52.1009696,-32.0233449],[-52.1011129,-32.0233334],[-52.1013857,-32.023135],[-52.1022317,-32.0229401],[-52.1022044,-32.0228244],[-52.1023681,-32.0227897],[-52.1028456,-32.0228071],[-52.1032686,-32.0226278],[-52.1037463,-32.0224801],[-52.1043224,-32.0225386],[-52.1048171,-32.0224716],[-52.105141,-32.0223281],[-52.105342,-32.0222321],[-52.1053728,-32.0222318],[-52.1053943,-32.0222381],[-52.1054342,-32.0222742],[-52.1054533,-32.0222729],[-52.1054907,-32.0222668],[-52.1055287,-32.0222561],[-52.1055482,-32.0222469],[-52.1055583,-32.0222341],[-52.1055626,-32.0221932],[-52.1055539,-32.0220803],[-52.1056221,-32.0214999],[-52.1058842,-32.021218],[-52.1061405,-32.0206555],[-52.1065703,-32.0203721],[-52.1070312,-32.0201943],[-52.1074912,-32.0198631],[-52.1074435,-32.0197821],[-52.1076549,-32.0195565],[-52.1078255,-32.0195218],[-52.1079551,-32.0196317],[-52.1079483,-32.0194756],[-52.108112,-32.0194698],[-52.1084326,-32.0193252],[-52.1085213,-32.0190649],[-52.1083849,-32.018955],[-52.1084258,-32.0188393],[-52.1085963,-32.0187815],[-52.1090056,-32.0188509],[-52.1091967,-32.0187294],[-52.1094255,-32.0184313],[-52.109872,-32.0180816],[-52.1103495,-32.0180643],[-52.1105883,-32.0182552],[-52.1104996,-32.0180064],[-52.1107384,-32.0178908],[-52.1108407,-32.0176247],[-52.1108123,-32.0174559],[-52.1111545,-32.0172776],[-52.1110931,-32.017214],[-52.1111477,-32.0171388],[-52.1113114,-32.0171215],[-52.1111408,-32.0169248],[-52.1113046,-32.0165199],[-52.111557,-32.0164119],[-52.112055,-32.0163001],[-52.1121846,-32.0163406],[-52.1127303,-32.0161497],[-52.1127985,-32.0157333]],[[-52.1112152,-31.7932053],[-52.1112033,-31.793111],[-52.1110977,-31.792995],[-52.1110134,-31.7929097],[-52.1108453,-31.79285],[-52.1107281,-31.7927448],[-52.1106485,-31.7926276],[-52.1106037,-31.7924876],[-52.110516,-31.7924444],[-52.1105115,-31.792301],[-52.1103984,-31.7922317],[-52.1102879,-31.7920985],[-52.1098105,-31.791803],[-52.1097166,-31.7917572],[-52.1096039,-31.7917296],[-52.1095112,-31.7917337],[-52.1094481,-31.7917059],[-52.1093539,-31.7916678],[-52.1092382,-31.7916365],[-52.1090675,-31.7916178],[-52.1090068,-31.7916378],[-52.1089122,-31.7916847],[-52.1088897,-31.7917384],[-52.1088324,-31.7917465],[-52.1088197,-31.7918197],[-52.1088158,-31.7919821],[-52.1087797,-31.7922807],[-52.108744,-31.7925239],[-52.1087754,-31.7927672],[-52.1087448,-31.7928992],[-52.1088055,-31.7929765],[-52.1089037,-31.7929794],[-52.1090261,-31.7929276],[-52.1091551,-31.792886],[-52.1092359,-31.7929197],[-52.1094186,-31.79295],[-52.1097587,-31.7930341],[-52.1099711,-31.7930822],[-52.1099851,-31.7931509],[-52.1100639,-31.793222],[-52.1103037,-31.7932929],[-52.1104424,-31.7933825],[-52.110653,-31.7934413],[-52.1108885,-31.793515],[-52.1110001,-31.7934879],[-52.1111009,-31.7934227],[-52.1111695,-31.7933348],[-52.1112152,-31.7932053]],[[-52.1086156,-31.7941639],[-52.1085969,-31.7939336],[-52.1085802,-31.7938455],[-52.1085191,-31.7935233],[-52.1083588,-31.7932999],[-52.107878,-31.7929123],[-52.1075267,-31.7927185],[-52.1072182,-31.7925225],[-52.1070117,-31.7923469],[-52.1069098,-31.7921942],[-52.1067998,-31.7920278],[-52.1066898,-31.7919001],[-52.1065182,-31.7918066],[-52.1061614,-31.7916858],[-52.1056116,-31.7914874],[-52.10522,-31.7913666],[-52.104882,-31.7912709],[-52.1047103,-31.7911865],[-52.1045601,-31.7910976],[-52.104367,-31.7910041],[-52.1041632,-31.7909791],[-52.1040183,-31.7909836],[-52.1032807,-31.7910634],[-52.1031096,-31.7910978],[-52.1028703,-31.7911546],[-52.1026813,-31.7911968],[-52.1025163,-31.7912253],[-52.1023808,-31.7912663],[-52.1022186,-31.7913484],[-52.1021059,-31.791459],[-52.102012,-31.7916254],[-52.102004,-31.7917154],[-52.1020429,-31.7918237],[-52.1021086,-31.7919206],[-52.1021569,-31.7920095],[-52.1021676,-31.7920745],[-52.1021462,-31.792144],[-52.1020818,-31.7922443],[-52.1020174,-31.7922979],[-52.1019557,-31.7923105],[-52.1018833,-31.7923048],[-52.1017586,-31.7923036],[-52.1016271,-31.7923344],[-52.1015587,-31.7923902],[-52.1014957,-31.7924529],[-52.1014287,-31.7925054],[-52.1013334,-31.7925316],[-52.101249,-31.792527],[-52.101135,-31.7924985],[-52.1009204,-31.7924427],[-52.1006736,-31.7923857],[-52.1004134,-31.7923355],[-52.1000891,-31.7922054],[-52.0999078,-31.7921019],[-52.0997402,-31.7919537],[-52.0995069,-31.7917656],[-52.0992386,-31.7915832],[-52.0991394,-31.7915182],[-52.0990656,-31.7914886],[-52.0990381,-31.7914857],[-52.0990194,-31.7914932],[-52.0990073,-31.7915063],[-52.0989932,-31.7915365],[-52.0990106,-31.7916698],[-52.0989811,-31.7918249],[-52.0989195,-31.7920004],[-52.0987907,-31.7921372],[-52.0985619,-31.7922617],[-52.0984313,-31.7923036],[-52.0982999,-31.792315],[-52.0980424,-31.7922079],[-52.0977742,-31.7920825],[-52.097569,-31.791997],[-52.0974389,-31.7919822],[-52.0973034,-31.7920027],[-52.0972256,-31.7920061],[-52.0971291,-31.7919753],[-52.0970714,-31.7919275],[-52.0970258,-31.7918762],[-52.0969869,-31.7918465],[-52.0969172,-31.7918465],[-52.096881,-31.791867],[-52.0968381,-31.7919639],[-52.0968166,-31.7921759],[-52.0967817,-31.7923013],[-52.0967039,-31.7923994],[-52.0965309,-31.7924865],[-52.0963231,-31.7924746],[-52.0960844,-31.7923902],[-52.0959965,-31.7923737],[-52.0959241,-31.7923845],[-52.095855,-31.7924227],[-52.0958155,-31.7924706],[-52.0957679,-31.7925225],[-52.0956867,-31.7925629],[-52.0955908,-31.7926011],[-52.095501,-31.7926319],[-52.0954064,-31.7926695],[-52.0953132,-31.7927003],[-52.0952274,-31.792706],[-52.0951302,-31.7926821],[-52.0950316,-31.7926473],[-52.0949545,-31.7926353],[-52.0949089,-31.7926524],[-52.09487,-31.7926963],[-52.0948284,-31.7927636],[-52.0947969,-31.7928131],[-52.0947547,-31.7928536],[-52.0946896,-31.7929032],[-52.0946296,-31.7929616],[-52.0946071,-31.7929989],[-52.0945947,-31.7930351],[-52.0945991,-31.7931266],[-52.094577,-31.7932167],[-52.0945247,-31.7932765],[-52.0944241,-31.7933004],[-52.0942779,-31.7933204],[-52.0942155,-31.793346],[-52.0941679,-31.7933876],[-52.0940989,-31.7935267],[-52.0940563,-31.793648],[-52.094019,-31.7938719],[-52.0940445,-31.7940123],[-52.0941009,-31.7941833],[-52.0941733,-31.7943554],[-52.0942363,-31.7944164],[-52.094298,-31.7944791],[-52.0943396,-31.7945389],[-52.0943537,-31.7946107],[-52.0943523,-31.79467],[-52.0943496,-31.7947173],[-52.0943456,-31.7947714],[-52.0943718,-31.7948393],[-52.094408,-31.794902],[-52.0944636,-31.7949835],[-52.0945045,-31.7951003],[-52.0945401,-31.7952262],[-52.0945441,-31.7952656],[-52.0945454,-31.7953505],[-52.09453,-31.7954217],[-52.0945213,-31.7954816],[-52.0945273,-31.7955619],[-52.0945488,-31.7956195],[-52.0946011,-31.7956879],[-52.0946702,-31.7957335],[-52.0947583,-31.795793],[-52.0948349,-31.7958575],[-52.0948841,-31.795966],[-52.0948988,-31.7960925],[-52.0948787,-31.7961655],[-52.0948572,-31.7962327],[-52.0948613,-31.7963205],[-52.0949136,-31.7963889],[-52.0950423,-31.7964356],[-52.0951925,-31.7964732],[-52.0952985,-31.7965166],[-52.0954232,-31.7966066],[-52.0955801,-31.796724],[-52.0957236,-31.7968277],[-52.0958443,-31.7969474],[-52.0959583,-31.797099],[-52.0960414,-31.7972814],[-52.0960978,-31.7973783],[-52.0961823,-31.7974729],[-52.0962882,-31.7975641],[-52.0963164,-31.7976507],[-52.096304,-31.7977162],[-52.0962735,-31.7977869],[-52.0962724,-31.7978459],[-52.0962842,-31.7978883],[-52.0963821,-31.7979641],[-52.0964951,-31.7980864],[-52.096543,-31.7981864],[-52.0966211,-31.7982972],[-52.0966832,-31.798354],[-52.0967596,-31.7983899],[-52.0968407,-31.7984081],[-52.0968716,-31.7984266],[-52.0968823,-31.7984466],[-52.0968823,-31.7984702],[-52.0968515,-31.7985366],[-52.0968428,-31.7985842],[-52.0968964,-31.798656],[-52.097001,-31.79875],[-52.0971539,-31.798811],[-52.0973108,-31.7988401],[-52.0974174,-31.7988652],[-52.0975415,-31.7988942],[-52.0976762,-31.7989324],[-52.0977728,-31.7989649],[-52.0978667,-31.7990071],[-52.0979505,-31.7990487],[-52.098039,-31.7990982],[-52.0981336,-31.7991393],[-52.0982563,-31.7991934],[-52.0983616,-31.7992578],[-52.0984722,-31.799337],[-52.0985889,-31.7993895],[-52.0988537,-31.7994772],[-52.099069,-31.7995422],[-52.0992641,-31.7996112],[-52.0993976,-31.7996699],[-52.0995303,-31.7997394],[-52.0996369,-31.7997935],[-52.0997271,-31.7998428],[-52.0998475,-31.7999109],[-52.1000715,-31.8000215],[-52.1002713,-31.8001503],[-52.1004322,-31.8002551],[-52.1005355,-31.8003304],[-52.1005999,-31.8003919],[-52.1006897,-31.8005048],[-52.1007782,-31.8005834],[-52.1010478,-31.8007373],[-52.1010927,-31.8007749],[-52.1011061,-31.8007983],[-52.1011145,-31.8008259],[-52.1011212,-31.8008646],[-52.101143,-31.8008968],[-52.1012107,-31.8009396],[-52.1015494,-31.8010952],[-52.1018162,-31.8011898],[-52.1020778,-31.8012502],[-52.1023406,-31.8012963],[-52.1024553,-31.8013385],[-52.1025357,-31.8013761],[-52.1027121,-31.8014838],[-52.1028462,-31.8015568],[-52.1030125,-31.8016217],[-52.1035516,-31.8017551],[-52.1039271,-31.80186],[-52.10408,-31.8018964],[-52.1042758,-31.8019124],[-52.1044797,-31.8019192],[-52.1047989,-31.8018987],[-52.1050537,-31.8018942],[-52.1056692,-31.8018497],[-52.1060327,-31.8018098],[-52.1061359,-31.8017676],[-52.1062043,-31.8017084],[-52.1062285,-31.8016366],[-52.1062593,-31.8014508],[-52.1063022,-31.8011408],[-52.1062714,-31.8010131],[-52.1062338,-31.8009242],[-52.1061473,-31.8008484],[-52.106089,-31.8008262],[-52.1060394,-31.8008273],[-52.1059623,-31.8008646],[-52.1059163,-31.8008803],[-52.1058821,-31.800882],[-52.1058516,-31.8008612],[-52.1058328,-31.8008273],[-52.1058235,-31.8007065],[-52.1058476,-31.8004922],[-52.1059307,-31.8002574],[-52.1060166,-31.8000226],[-52.1061105,-31.7998015],[-52.1061882,-31.7996397],[-52.1062928,-31.7994618],[-52.1064109,-31.7992749],[-52.1065128,-31.7991039],[-52.1067354,-31.7987962],[-52.1068776,-31.7985409],[-52.1070761,-31.7981784],[-52.1071994,-31.7979938],[-52.1072692,-31.797816],[-52.1073014,-31.7975584],[-52.1072933,-31.7974945],[-52.1072973,-31.797409],[-52.1073496,-31.797335],[-52.1076259,-31.7971275],[-52.1077801,-31.7970226],[-52.1078619,-31.7969656],[-52.1079585,-31.7968505],[-52.1080537,-31.7966431],[-52.108161,-31.7963821],[-52.1082254,-31.796194],[-52.1082549,-31.7961096],[-52.1083058,-31.7960184],[-52.1083327,-31.7959535],[-52.1083595,-31.7958725],[-52.1083769,-31.7958064],[-52.108389,-31.7957586],[-52.1083997,-31.7956993],[-52.1084118,-31.7956218],[-52.1084225,-31.7955203],[-52.1084373,-31.7953892],[-52.1084574,-31.795265],[-52.1084815,-31.7951453],[-52.1085405,-31.7948136],[-52.1085808,-31.7944625],[-52.1086156,-31.7941639]],[[-52.0986116,-31.8388589],[-52.0985386,-31.8388495],[-52.098501,-31.8386126],[-52.0983696,-31.838526],[-52.098337,-31.8382936],[-52.0982637,-31.8382617],[-52.0981014,-31.8392118],[-52.0976883,-31.8401803],[-52.0976669,-31.8404036],[-52.0977554,-31.8404696],[-52.0977822,-31.8408091],[-52.0979928,-31.8409014],[-52.098383,-31.8407681],[-52.0985037,-31.8405972],[-52.0985605,-31.8402388],[-52.0985587,-31.8401711],[-52.0986116,-31.8388589]],[[-52.0974523,-31.8400959],[-52.0964089,-31.8405858],[-52.0958161,-31.840775],[-52.0957099,-31.8409151],[-52.0958939,-31.8410643],[-52.0962989,-31.8411282],[-52.0963874,-31.8415064],[-52.0967442,-31.8415132],[-52.0969883,-31.8413195],[-52.097353,-31.8407112],[-52.0974523,-31.8400959]],[[-52.0973714,-32.0144194],[-52.0973536,-32.0142728],[-52.0973031,-32.0141442],[-52.097202,-32.0140401],[-52.0971298,-32.013783],[-52.0968265,-32.0135136],[-52.0967786,-32.0133196],[-52.0966532,-32.0131523],[-52.0967327,-32.0129809],[-52.0969348,-32.0127911],[-52.0968049,-32.0127],[-52.0964727,-32.0127421],[-52.0962994,-32.0125829],[-52.0959961,-32.0124972],[-52.0959331,-32.0123646],[-52.0957651,-32.0123748],[-52.0957001,-32.012485],[-52.0951591,-32.0125762],[-52.0943426,-32.0130115],[-52.0944942,-32.0131156],[-52.094552,-32.0131952],[-52.0944076,-32.0132748],[-52.0941982,-32.0132931],[-52.0941404,-32.0134034],[-52.0940105,-32.0135136],[-52.0938372,-32.0134952],[-52.0936639,-32.0135687],[-52.0937361,-32.0136238],[-52.0937433,-32.013783],[-52.0936855,-32.0138687],[-52.0935989,-32.0138442],[-52.0934039,-32.0139176],[-52.0934304,-32.0140576],[-52.0935483,-32.0141809],[-52.0935267,-32.0144381],[-52.0935483,-32.014536],[-52.0936421,-32.0145363],[-52.0937072,-32.0146156],[-52.0940177,-32.0147381],[-52.0941116,-32.014885],[-52.0942776,-32.0150748],[-52.0943571,-32.0153748],[-52.0942343,-32.0156687],[-52.0940177,-32.0161156],[-52.0938083,-32.0162687],[-52.0937553,-32.0164858],[-52.0935844,-32.0166544],[-52.0934256,-32.0167279],[-52.0931368,-32.0169299],[-52.0927396,-32.0170707],[-52.0925302,-32.017034],[-52.0924003,-32.0173646],[-52.0924003,-32.0175972],[-52.0923353,-32.0176829],[-52.0921836,-32.0179156],[-52.0920715,-32.0179897],[-52.0921475,-32.0181176],[-52.0920753,-32.018185],[-52.0918731,-32.0184727],[-52.0916032,-32.0186649],[-52.0913475,-32.0186427],[-52.0915121,-32.0187482],[-52.091411,-32.0195869],[-52.0913099,-32.020193],[-52.0911366,-32.0204808],[-52.0908984,-32.0206828],[-52.0908984,-32.0208236],[-52.0911078,-32.0210256],[-52.0911944,-32.0214052],[-52.0911727,-32.0216256],[-52.0910428,-32.0218644],[-52.0908334,-32.0219011],[-52.0907383,-32.021979],[-52.0907973,-32.0220052],[-52.0909272,-32.0219562],[-52.0910717,-32.021999],[-52.0911944,-32.0219807],[-52.0913244,-32.021797],[-52.0913894,-32.0215338],[-52.0913533,-32.0209828],[-52.0913465,-32.0206535],[-52.091346,-32.0204012],[-52.0915193,-32.0202543],[-52.0916132,-32.0199053],[-52.0918515,-32.0195502],[-52.0921042,-32.0195257],[-52.0925553,-32.0187846],[-52.0927324,-32.0185462],[-52.0929924,-32.0183992],[-52.0932523,-32.0182645],[-52.0934111,-32.0183564],[-52.0937977,-32.0181642],[-52.093996,-32.0179768],[-52.0942848,-32.0178666],[-52.0944636,-32.0177209],[-52.0946242,-32.0176768],[-52.0947831,-32.0177013],[-52.094978,-32.0176217],[-52.0951658,-32.0176707],[-52.0954021,-32.0175189],[-52.0955701,-32.0173156],[-52.0958228,-32.0171074],[-52.0960756,-32.0166789],[-52.0961117,-32.0164462],[-52.0964294,-32.0160238],[-52.0968193,-32.0158952],[-52.097072,-32.0157115],[-52.0971347,-32.0154519],[-52.0971587,-32.0152279],[-52.0971876,-32.0150687],[-52.0972742,-32.0147626],[-52.0973714,-32.0144194]],[[-52.075469,-32.0309886],[-52.0749079,-32.0301543],[-52.0744331,-32.0300872],[-52.0744547,-32.0299042],[-52.073867,-32.0295168],[-52.0670235,-32.0296277],[-52.0662567,-32.0318776],[-52.0663527,-32.0338639],[-52.0663047,-32.0318694],[-52.0670441,-32.0296552],[-52.0694401,-32.0296102],[-52.0695466,-32.0296408],[-52.0691938,-32.0302211],[-52.069522,-32.031742],[-52.0695046,-32.0328803],[-52.0695758,-32.0336005],[-52.0694435,-32.0340361],[-52.0691688,-32.0344975],[-52.0692446,-32.0348854],[-52.0693971,-32.0350275],[-52.069447,-32.0351615],[-52.069403,-32.0357086],[-52.069271,-32.0359635],[-52.069359,-32.0360785],[-52.069139,-32.0367189],[-52.0689923,-32.0368494],[-52.0687833,-32.0369458],[-52.0686575,-32.0368822],[-52.0686269,-32.0370092],[-52.0685634,-32.0371257],[-52.0686023,-32.0371862],[-52.0684178,-32.0375362],[-52.0679315,-32.0380162],[-52.0666489,-32.038549],[-52.0640978,-32.0459566],[-52.0649751,-32.0479423],[-52.0650187,-32.0474859],[-52.0652534,-32.0471875],[-52.0657594,-32.0470508],[-52.0659657,-32.0464477],[-52.0661408,-32.0462675],[-52.0665515,-32.0461245],[-52.0667642,-32.0461991],[-52.0671407,-32.0459949],[-52.0672922,-32.0455091],[-52.0671274,-32.0445375],[-52.0673802,-32.0442907],[-52.0678349,-32.0441228],[-52.0694631,-32.0439425],[-52.0703981,-32.0441864],[-52.0714249,-32.0437052],[-52.0718494,-32.0427303],[-52.0713607,-32.0425043],[-52.0702698,-32.0418973],[-52.0716569,-32.0410649],[-52.0722492,-32.0403703],[-52.0722245,-32.0394749],[-52.0724171,-32.0384455],[-52.0727689,-32.0384425],[-52.0731723,-32.0381024],[-52.0734734,-32.0373199],[-52.0734142,-32.0363825],[-52.073587,-32.0360018],[-52.0735721,-32.0357298],[-52.0738288,-32.035328],[-52.0736906,-32.0348845],[-52.0734487,-32.034851],[-52.0727429,-32.0346459],[-52.0729452,-32.0342986],[-52.07302,-32.0340266],[-52.0734686,-32.0335489],[-52.0747291,-32.032897],[-52.075469,-32.0309886]],[[-52.0517428,-31.9254473],[-52.0517428,-31.9242817],[-52.0498545,-31.9228247],[-52.0474512,-31.9229704],[-52.0472796,-31.9244274],[-52.0486529,-31.9248645],[-52.0489962,-31.9258843],[-52.0500261,-31.9266128],[-52.0517428,-31.9254473]],[[-52.040116,-31.9149523],[-52.0400979,-31.9148544],[-52.0398887,-31.9147946],[-52.0396755,-31.9146199],[-52.0395876,-31.9144554],[-52.0391491,-31.9144514],[-52.0390197,-31.9143017],[-52.0388259,-31.9142818],[-52.0386904,-31.9142152],[-52.0385979,-31.9140928],[-52.0383572,-31.9140399],[-52.0380554,-31.9141355],[-52.0382559,-31.9142681],[-52.0383599,-31.9144486],[-52.0385811,-31.914378],[-52.038789,-31.9145015],[-52.0391122,-31.9144668],[-52.0393154,-31.914674],[-52.0394904,-31.9145932],[-52.0396688,-31.9146427],[-52.0398009,-31.9147576],[-52.0398425,-31.9149159],[-52.0399927,-31.9150235],[-52.040116,-31.9149523]],[[-51.9614455,-31.7114535],[-51.9614361,-31.7113212],[-51.9614187,-31.711206],[-51.9613852,-31.7110805],[-51.9613248,-31.7109287],[-51.9613087,-31.7108078],[-51.9612966,-31.7106983],[-51.9612859,-31.7106252],[-51.9612403,-31.7105762],[-51.9611706,-31.7105511],[-51.9610955,-31.7105237],[-51.9610204,-31.7104678],[-51.960905,-31.7103822],[-51.9607481,-31.710251],[-51.9606556,-31.7102248],[-51.9605617,-31.7102362],[-51.9604558,-31.7102716],[-51.9602519,-31.7103674],[-51.9600159,-31.7104861],[-51.9598483,-31.710526],[-51.9596927,-31.7105488],[-51.9595733,-31.7105636],[-51.959454,-31.7105933],[-51.9593507,-31.7106618],[-51.9592743,-31.7107587],[-51.9592106,-31.7108472],[-51.959171,-31.7108768],[-51.9591106,-31.7109042],[-51.9590503,-31.710919],[-51.958998,-31.7109253],[-51.9589692,-31.7109225],[-51.9589537,-31.7109142],[-51.9589504,-31.7109036],[-51.9589554,-31.7108897],[-51.9589695,-31.7108768],[-51.9590064,-31.7108614],[-51.9590515,-31.7108407],[-51.9591013,-31.7108061],[-51.9591422,-31.710761],[-51.9591797,-31.7106583],[-51.9591978,-31.7105032],[-51.9591938,-31.7104222],[-51.9591804,-31.7103298],[-51.9591377,-31.7102642],[-51.9590481,-31.7102254],[-51.9589189,-31.7102225],[-51.9587566,-31.7102602],[-51.9585434,-31.7103138],[-51.9583777,-31.7103235],[-51.9581886,-31.7103206],[-51.9580203,-31.7103298],[-51.9579667,-31.7103423],[-51.9579412,-31.7103611],[-51.9579338,-31.7103817],[-51.9579385,-31.7103976],[-51.9579499,-31.7104125],[-51.9579895,-31.7104364],[-51.9580109,-31.7104661],[-51.9580136,-31.7104889],[-51.9580042,-31.7105237],[-51.9579828,-31.7105688],[-51.9579412,-31.7106053],[-51.9578943,-31.7106201],[-51.957852,-31.7106224],[-51.9577903,-31.710607],[-51.9577427,-31.7105916],[-51.9577119,-31.710587],[-51.957677,-31.710595],[-51.9576589,-31.710615],[-51.9576522,-31.7106481],[-51.9576468,-31.7106743],[-51.9576307,-31.7106931],[-51.9576086,-31.7107045],[-51.9575751,-31.7107125],[-51.9575362,-31.7107234],[-51.9574993,-31.7107485],[-51.9574812,-31.710793],[-51.9574698,-31.710866],[-51.9574852,-31.7109133],[-51.9575013,-31.7109384],[-51.9575389,-31.7109709],[-51.9575892,-31.7109995],[-51.9576448,-31.711036],[-51.9577172,-31.711085],[-51.9577997,-31.7111347],[-51.9578902,-31.7111854],[-51.9579855,-31.7112014],[-51.95807,-31.7112003],[-51.958135,-31.7111752],[-51.9581793,-31.7111215],[-51.9582168,-31.7110663],[-51.9582483,-31.7110394],[-51.9583087,-31.7110234],[-51.9584173,-31.7110086],[-51.9585219,-31.7110074],[-51.9586828,-31.7110177],[-51.9588451,-31.7110588],[-51.9589216,-31.7111124],[-51.9589953,-31.7112368],[-51.9590651,-31.7113577],[-51.9591294,-31.7114821],[-51.9592059,-31.7115939],[-51.9593212,-31.7117433],[-51.9594446,-31.7118836],[-51.9595693,-31.7120514],[-51.9597477,-31.7122396],[-51.9599663,-31.7124461],[-51.9600655,-31.712526],[-51.9601232,-31.7125807],[-51.9601581,-31.71264],[-51.9601943,-31.7127325],[-51.9602439,-31.7128534],[-51.9602868,-31.7129492],[-51.9603539,-31.7130394],[-51.9603968,-31.7130861],[-51.9604544,-31.7131283],[-51.9605074,-31.7131706],[-51.9605295,-31.7132162],[-51.960553,-31.7132921],[-51.9605765,-31.7133582],[-51.9606167,-31.7134118],[-51.9606891,-31.71347],[-51.9607629,-31.7135197],[-51.960834,-31.7135864],[-51.960891,-31.7136628],[-51.960952,-31.7137165],[-51.9609983,-31.713737],[-51.9610412,-31.713737],[-51.9610921,-31.713713],[-51.9611444,-31.7136566],[-51.9611632,-31.7136206],[-51.9611666,-31.7135921],[-51.9611612,-31.7135573],[-51.9611391,-31.7135356],[-51.9611089,-31.7135171],[-51.9610613,-31.7134963],[-51.9610365,-31.7134757],[-51.9610271,-31.7134455],[-51.9610304,-31.7134193],[-51.9610506,-31.7133822],[-51.961129,-31.7132721],[-51.961184,-31.7131569],[-51.9612162,-31.713053],[-51.9612443,-31.7128853],[-51.9612511,-31.7127712],[-51.9612484,-31.7127016],[-51.9612618,-31.7125454],[-51.9613034,-31.7123389],[-51.9613442,-31.7121746],[-51.9613785,-31.711838],[-51.9614214,-31.7116041],[-51.9614455,-31.7114535]],[[-51.8539762,-31.3374338],[-51.8532443,-31.3377873],[-51.8516564,-31.3394402],[-51.8513023,-31.3400358],[-51.8512576,-31.3403199],[-51.8514378,-31.3401939],[-51.8533435,-31.3378961],[-51.853949,-31.3374906],[-51.8539762,-31.3374338]],[[-51.8240386,-31.8033348],[-51.8238348,-31.8034032],[-51.8236578,-31.8031866],[-51.8234324,-31.8030499],[-51.8232098,-31.8027102],[-51.8230355,-31.8025621],[-51.8228906,-31.8025438],[-51.8228263,-31.8026897],[-51.8229094,-31.8029724],[-51.8234056,-31.803524],[-51.823297,-31.8036505],[-51.8230878,-31.8037075],[-51.8228947,-31.8038865],[-51.822369,-31.8040038],[-51.8220672,-31.8041828],[-51.8222375,-31.8041611],[-51.8223757,-31.8040597],[-51.8229792,-31.8039184],[-51.8231776,-31.8037702],[-51.8238764,-31.8035172],[-51.8240386,-31.8033348]],[[-51.8226331,-31.8016092],[-51.822314,-31.8012627],[-51.8221128,-31.8011556],[-51.8219036,-31.8010917],[-51.821858,-31.8012445],[-51.8218821,-31.8013744],[-51.822086,-31.8014246],[-51.822255,-31.8015659],[-51.8223649,-31.8017551],[-51.8225956,-31.8017186],[-51.8226331,-31.8016092]],[[-51.8161717,-31.806542],[-51.8158633,-31.8066172],[-51.815764,-31.8064942],[-51.8156621,-31.8065147],[-51.8155092,-31.80646],[-51.8153831,-31.8066172],[-51.8157265,-31.8066606],[-51.8156621,-31.8067654],[-51.815477,-31.8068543],[-51.8152946,-31.8068817],[-51.8156701,-31.8068851],[-51.8158874,-31.8068099],[-51.8161717,-31.806542]],[[-51.8126205,-31.8081239],[-51.8124837,-31.808092],[-51.8122691,-31.8081832],[-51.8122637,-31.8082744],[-51.8123549,-31.8082333],[-51.8123388,-31.8082972],[-51.8124729,-31.8082812],[-51.8126205,-31.8081239]],[[-51.8106329,-31.8053088],[-51.8105471,-31.8050581],[-51.810177,-31.8049532],[-51.80978,-31.8047116],[-51.8095279,-31.8042785],[-51.8093562,-31.8037861],[-51.8090022,-31.8034625],[-51.8087018,-31.8031069],[-51.8087125,-31.8034032],[-51.8083102,-31.8032117],[-51.8080849,-31.8032117],[-51.8079615,-31.8031023],[-51.8077576,-31.8031205],[-51.8074948,-31.8029518],[-51.8072695,-31.8030111],[-51.8072963,-31.8032208],[-51.8072051,-31.8036311],[-51.8072909,-31.8043651],[-51.8074358,-31.804821],[-51.8076289,-31.8050171],[-51.8085998,-31.8052724],[-51.809029,-31.8055413],[-51.8095332,-31.8057237],[-51.8098283,-31.8056508],[-51.8101448,-31.8056553],[-51.8106329,-31.8053088]],[[-51.8102641,-31.8086721],[-51.810008,-31.8086972],[-51.809886,-31.8086334],[-51.8091497,-31.8087097],[-51.8090263,-31.8088921],[-51.809151,-31.8089798],[-51.8092583,-31.8089821],[-51.8094809,-31.8088704],[-51.8097103,-31.8088419],[-51.8097907,-31.808753],[-51.8100268,-31.8088066],[-51.8101689,-31.8087952],[-51.8101917,-31.8088317],[-51.8102615,-31.8087565],[-51.8102641,-31.8086721]],[[-51.8077362,-31.8054046],[-51.807543,-31.8052177],[-51.8070388,-31.8051812],[-51.8071568,-31.8049122],[-51.8068671,-31.8034898],[-51.8069744,-31.8030613],[-51.8067867,-31.802961],[-51.8067277,-31.8028288],[-51.8065077,-31.802847],[-51.8064782,-31.8029883],[-51.8063387,-31.8031752],[-51.80632,-31.8034397],[-51.8061751,-31.8037041],[-51.8059176,-31.8039776],[-51.8054429,-31.8041577],[-51.8050325,-31.8042375],[-51.8050432,-31.8044746],[-51.8052793,-31.804821],[-51.8057996,-31.8051037],[-51.8066686,-31.8054],[-51.8070012,-31.8053772],[-51.8074518,-31.8055094],[-51.8077362,-31.8054046]],[[-51.8067719,-31.8090801],[-51.8066445,-31.8091554],[-51.8064943,-31.8091576],[-51.8064098,-31.8092636],[-51.8063106,-31.8092169],[-51.8062998,-31.8092796],[-51.806505,-31.8092819],[-51.8064956,-31.809242],[-51.8067344,-31.8091736],[-51.8067719,-31.8090801]],[[-51.7999953,-31.8263778],[-51.7999846,-31.8260063],[-51.7998719,-31.8258217],[-51.7998934,-31.8259516],[-51.7997673,-31.8262593],[-51.7998692,-31.8264142],[-51.7997968,-31.8267652],[-51.7998987,-31.8269065],[-51.7999336,-31.8267469],[-51.7998907,-31.8266284],[-51.7999953,-31.8263778]],[[-51.7922464,-31.8144034],[-51.7917153,-31.8140798],[-51.7916161,-31.813861],[-51.791431,-31.813706],[-51.7913505,-31.8136878],[-51.7913371,-31.8136422],[-51.7914471,-31.8136239],[-51.7907149,-31.8129196],[-51.7905673,-31.8128034],[-51.7902803,-31.8127578],[-51.7901704,-31.8128194],[-51.7899263,-31.8135396],[-51.7897922,-31.813706],[-51.7896044,-31.8142735],[-51.7896366,-31.8148297],[-51.7893657,-31.8151807],[-51.7893201,-31.8153516],[-51.7893738,-31.8155681],[-51.7895561,-31.8156684],[-51.7894864,-31.8158667],[-51.7898163,-31.8162906],[-51.7905727,-31.8162405],[-51.7908356,-31.8160946],[-51.7909107,-31.8158644],[-51.7908973,-31.8156752],[-51.7917261,-31.814171],[-51.7922464,-31.8144034]],[[-51.6239526,-31.2586237],[-51.6218926,-31.2586237],[-51.6194894,-31.2597976],[-51.6176011,-31.2617052],[-51.6177728,-31.2622922],[-51.6189744,-31.2615585],[-51.620691,-31.2624389],[-51.620691,-31.2602378],[-51.6218926,-31.2595041],[-51.6239526,-31.2586237]],[[-51.4206903,-31.4859979],[-51.4206805,-31.4859432],[-51.4206118,-31.4859149],[-51.4205612,-31.4859194],[-51.4205355,-31.4859342],[-51.420528,-31.4859703],[-51.4205416,-31.4860276],[-51.4206004,-31.4860507],[-51.420642,-31.4860514],[-51.4206903,-31.4859979]],[[-51.1652478,-31.0635289],[-51.1652408,-31.0632671],[-51.1651482,-31.0632512],[-51.1649815,-31.0632611],[-51.1649143,-31.063283],[-51.1649027,-31.0635051],[-51.1649352,-31.0635349],[-51.1652478,-31.0635289]],[[-51.1567533,-30.4985416],[-51.1567479,-30.4983706],[-51.1566997,-30.4981256],[-51.156646,-30.4979869],[-51.1565173,-30.4976772],[-51.1564153,-30.497386],[-51.1563242,-30.496873],[-51.1563081,-30.496517],[-51.1562973,-30.4963645],[-51.1562491,-30.4962767],[-51.1561257,-30.4961981],[-51.1560023,-30.4960872],[-51.1559326,-30.495893],[-51.1559218,-30.4957405],[-51.1559647,-30.4953892],[-51.1559379,-30.4945479],[-51.1559969,-30.4938546],[-51.1560398,-30.4935217],[-51.1560077,-30.4934154],[-51.1558628,-30.4931288],[-51.155777,-30.4929994],[-51.1557341,-30.4928653],[-51.1556858,-30.4928006],[-51.1556214,-30.4927914],[-51.155557,-30.4928145],[-51.155321,-30.4930271],[-51.1551118,-30.493115],[-51.1549723,-30.4931335],[-51.1547872,-30.4931173],[-51.1547202,-30.4930734],[-51.154637,-30.4929601],[-51.15446,-30.4927521],[-51.154342,-30.4926712],[-51.1542937,-30.4926596],[-51.1542401,-30.4926735],[-51.1541301,-30.492692],[-51.1539879,-30.4926735],[-51.1539021,-30.4925996],[-51.1538324,-30.4924539],[-51.1538082,-30.4922413],[-51.1538297,-30.4915248],[-51.153878,-30.4913769],[-51.154173,-30.4910441],[-51.1542964,-30.4909331],[-51.1543822,-30.4907991],[-51.1544412,-30.4905633],[-51.1544949,-30.4901565],[-51.1545056,-30.4899624],[-51.1544842,-30.4897451],[-51.1544251,-30.4893938],[-51.154291,-30.4890379],[-51.153996,-30.4883352],[-51.1535025,-30.4873275],[-51.1530626,-30.4864399],[-51.1529231,-30.4861995],[-51.1526227,-30.4858852],[-51.1522901,-30.4855847],[-51.1518985,-30.4852287],[-51.1516625,-30.4849097],[-51.1515606,-30.4846509],[-51.1515123,-30.4844382],[-51.1514157,-30.484281],[-51.1511207,-30.4839805],[-51.1509168,-30.4836847],[-51.1508524,-30.4834859],[-51.1508578,-30.483338],[-51.1510509,-30.4828757],[-51.1510509,-30.4825613],[-51.1509812,-30.4823949],[-51.1507613,-30.4820112],[-51.1502945,-30.481327],[-51.1500049,-30.4810866],[-51.1497796,-30.4808831],[-51.1496347,-30.4806474],[-51.1496079,-30.4804717],[-51.1495435,-30.4801851],[-51.1493772,-30.4800001],[-51.1492109,-30.4798892],[-51.148991,-30.479806],[-51.1485592,-30.4797413],[-51.1482158,-30.4796511],[-51.1480039,-30.4794893],[-51.1479101,-30.4793714],[-51.147843,-30.4792165],[-51.1478511,-30.479094],[-51.1478779,-30.4790432],[-51.1479396,-30.4789946],[-51.1480334,-30.4789807],[-51.1481354,-30.4790016],[-51.1481944,-30.4790039],[-51.14824,-30.4789831],[-51.1482427,-30.4789345],[-51.1482078,-30.4788698],[-51.148189,-30.4787635],[-51.1482453,-30.4786594],[-51.1483231,-30.4786109],[-51.148409,-30.4786063],[-51.1485082,-30.4786525],[-51.1486396,-30.4787219],[-51.1486825,-30.4787126],[-51.1487013,-30.4786849],[-51.148704,-30.4785947],[-51.1486825,-30.4784537],[-51.1485779,-30.4781786],[-51.1484921,-30.4780446],[-51.1484197,-30.4779498],[-51.1482695,-30.4778781],[-51.1480442,-30.4777995],[-51.1479771,-30.4777718],[-51.1479342,-30.4777394],[-51.1479208,-30.4777094],[-51.1479288,-30.4776631],[-51.1479771,-30.4776007],[-51.1479986,-30.4775383],[-51.1479771,-30.477462],[-51.1479047,-30.4773603],[-51.1476445,-30.4770182],[-51.147497,-30.4767894],[-51.1474434,-30.4766368],[-51.147446,-30.4764981],[-51.1475185,-30.4763155],[-51.1476204,-30.4762138],[-51.1478511,-30.4761074],[-51.1479342,-30.4760566],[-51.1479664,-30.4760057],[-51.1479637,-30.4759525],[-51.1479315,-30.4758624],[-51.1479396,-30.4757722],[-51.1479718,-30.4757329],[-51.1480173,-30.4757075],[-51.148079,-30.475696],[-51.1481863,-30.4756497],[-51.1482507,-30.4755665],[-51.1482668,-30.4754278],[-51.1482453,-30.4752382],[-51.1482507,-30.4751088],[-51.1482909,-30.4748568],[-51.1482856,-30.4744777],[-51.1482802,-30.4743274],[-51.1482936,-30.4740015],[-51.1482561,-30.4738212],[-51.1481971,-30.4737241],[-51.1480737,-30.4736363],[-51.1480334,-30.4735808],[-51.1480361,-30.4735253],[-51.1480549,-30.473375],[-51.148071,-30.4731439],[-51.1480576,-30.4730491],[-51.1480066,-30.4729312],[-51.1478993,-30.4727809],[-51.1477706,-30.4726468],[-51.1476633,-30.4725729],[-51.1475587,-30.4724781],[-51.147489,-30.4723995],[-51.1473683,-30.4722538],[-51.1472341,-30.4721521],[-51.1468291,-30.4719579],[-51.1467621,-30.4719626],[-51.1467245,-30.4719996],[-51.1467111,-30.4720365],[-51.1467138,-30.4720608],[-51.1467165,-30.4720816],[-51.1467245,-30.4721117],[-51.1467574,-30.4721854],[-51.1467554,-30.472225],[-51.1467299,-30.4722619],[-51.146695,-30.4723012],[-51.1466494,-30.4723891],[-51.1466414,-30.4724862],[-51.1466468,-30.4725892],[-51.1466427,-30.4726538],[-51.1466306,-30.4727139],[-51.1466052,-30.4727879],[-51.146569,-30.4728526],[-51.1465073,-30.4729058],[-51.146408,-30.4729612],[-51.1460768,-30.4730364],[-51.1458273,-30.4730583],[-51.1457026,-30.473041],[-51.1456248,-30.4730144],[-51.1456007,-30.4729878],[-51.1455913,-30.4729589],[-51.1456275,-30.4728792],[-51.1456436,-30.4728006],[-51.1456409,-30.472752],[-51.1456087,-30.4726746],[-51.145598,-30.4726133],[-51.1456007,-30.4725486],[-51.1455913,-30.4725185],[-51.1455591,-30.4724943],[-51.1454585,-30.472455],[-51.1453713,-30.4724191],[-51.1452989,-30.4723879],[-51.1452614,-30.4723544],[-51.1452171,-30.4722677],[-51.1451742,-30.4720828],[-51.1451849,-30.4720019],[-51.1452439,-30.4719002],[-51.1453164,-30.4718169],[-51.1453164,-30.4717476],[-51.1453003,-30.4716967],[-51.1451983,-30.4716343],[-51.1451072,-30.4716019],[-51.1450428,-30.4716066],[-51.1449865,-30.4716343],[-51.1448738,-30.4716944],[-51.1447719,-30.4717245],[-51.1447102,-30.4717222],[-51.144619,-30.4716898],[-51.1445707,-30.4716251],[-51.1445627,-30.4715187],[-51.1445493,-30.4714447],[-51.1445063,-30.4714008],[-51.1444446,-30.47138],[-51.1443642,-30.4713708],[-51.1441952,-30.4713546],[-51.1440128,-30.4713176],[-51.1438733,-30.4712297],[-51.1438036,-30.4711511],[-51.1437768,-30.4710541],[-51.1437902,-30.4709616],[-51.143809,-30.4708969],[-51.1440021,-30.4706102],[-51.1441362,-30.4703305],[-51.1443213,-30.4699953],[-51.144399,-30.4698912],[-51.1444634,-30.4698427],[-51.1445412,-30.4698288],[-51.1446458,-30.4698265],[-51.144686,-30.469808],[-51.1447075,-30.4697803],[-51.1447129,-30.4697387],[-51.144678,-30.4697179],[-51.1445949,-30.4697086],[-51.1444607,-30.469741],[-51.1442462,-30.4698381],[-51.1442086,-30.4698912],[-51.1441603,-30.4699814],[-51.1440825,-30.4700739],[-51.1439914,-30.470164],[-51.1439538,-30.4702195],[-51.1439243,-30.4703166],[-51.1439189,-30.4703836],[-51.1438841,-30.4704969],[-51.1438412,-30.4705547],[-51.1437821,-30.4706402],[-51.1436829,-30.4707651],[-51.143522,-30.4709269],[-51.1434764,-30.470957],[-51.1433262,-30.4710009],[-51.1432645,-30.4710494],[-51.1432377,-30.4711396],[-51.1432377,-30.471276],[-51.1432564,-30.4713823],[-51.1433208,-30.4714864],[-51.1433744,-30.4715696],[-51.143412,-30.4717129],[-51.14342,-30.4719395],[-51.1434442,-30.4719996],[-51.1434791,-30.472055],[-51.1436239,-30.4722169],[-51.1438599,-30.472522],[-51.1440396,-30.472878],[-51.144104,-30.4730421],[-51.1441013,-30.4731693],[-51.144104,-30.4732548],[-51.1441416,-30.4733357],[-51.1441979,-30.4733981],[-51.1442944,-30.4735114],[-51.1443749,-30.4736802],[-51.144399,-30.4737981],[-51.1444259,-30.4738905],[-51.1444822,-30.4739553],[-51.14456,-30.4740431],[-51.144619,-30.4741587],[-51.14467,-30.4743298],[-51.1447504,-30.4745378],[-51.1449569,-30.4750903],[-51.1450589,-30.4753769],[-51.1451688,-30.475652],[-51.1452413,-30.475837],[-51.145303,-30.4760704],[-51.145374,-30.476512],[-51.1454129,-30.4767501],[-51.1454505,-30.4769304],[-51.1455149,-30.4771014],[-51.1456221,-30.477328],[-51.145767,-30.4777209],[-51.1458743,-30.4783173],[-51.1458689,-30.4784075],[-51.1458474,-30.4784653],[-51.145716,-30.478597],[-51.1456195,-30.4786456],[-51.1455604,-30.4787288],[-51.1455417,-30.4787958],[-51.1455551,-30.4788767],[-51.1456195,-30.4789946],[-51.1456972,-30.4791449],[-51.1457643,-30.4793182],[-51.1458126,-30.479554],[-51.1458287,-30.4797228],[-51.1458126,-30.4798129],[-51.1457536,-30.4799331],[-51.1457402,-30.4799886],[-51.1457455,-30.4800903],[-51.1458474,-30.4802937],[-51.1460647,-30.4806682],[-51.1461961,-30.4809479],[-51.1462712,-30.4811282],[-51.1463249,-30.4812923],[-51.1464322,-30.4815859],[-51.1465287,-30.4818679],[-51.1465958,-30.4820921],[-51.1466306,-30.4823718],[-51.1466762,-30.4825752],[-51.1467353,-30.4827924],[-51.1467782,-30.4829427],[-51.1468506,-30.4830652],[-51.1469016,-30.4831762],[-51.1469311,-30.4833564],[-51.1469257,-30.4835044],[-51.146923,-30.4836015],[-51.1469445,-30.4836777],[-51.1469901,-30.4837378],[-51.1470571,-30.4838257],[-51.1471161,-30.4839782],[-51.1472315,-30.4842926],[-51.1472878,-30.4844706],[-51.1473388,-30.4846139],[-51.1473629,-30.4846647],[-51.1474139,-30.4847479],[-51.1474541,-30.4848127],[-51.1474702,-30.484882],[-51.1474755,-30.4850114],[-51.1474621,-30.4851363],[-51.1474514,-30.4852333],[-51.1474648,-30.4853096],[-51.1475131,-30.4854159],[-51.1475694,-30.4855384],[-51.1476177,-30.4857002],[-51.1476553,-30.4858043],[-51.1477169,-30.4858782],[-51.1477974,-30.4859591],[-51.1478323,-30.4860285],[-51.1478376,-30.4861325],[-51.1478537,-30.4862157],[-51.1478832,-30.4862596],[-51.1479583,-30.4863659],[-51.14802,-30.4865185],[-51.1480898,-30.4867219],[-51.148138,-30.4869392],[-51.1481836,-30.4870801],[-51.1482266,-30.4872026],[-51.1482695,-30.4872674],[-51.1483285,-30.4873275],[-51.1483794,-30.4874107],[-51.1484009,-30.4874916],[-51.1484009,-30.487584],[-51.148409,-30.4876487],[-51.1484572,-30.4877296],[-51.1484948,-30.4878129],[-51.1484948,-30.4878868],[-51.1484706,-30.4879585],[-51.1484599,-30.4880371],[-51.1484706,-30.4881203],[-51.1485511,-30.488252],[-51.1486128,-30.4883745],[-51.1487255,-30.4885594],[-51.1487818,-30.4886819],[-51.1488086,-30.4888114],[-51.1488006,-30.4889916],[-51.1488086,-30.489091],[-51.1488515,-30.4891812],[-51.1489588,-30.4893083],[-51.1489937,-30.4893869],[-51.1490285,-30.4894932],[-51.1490178,-30.4896111],[-51.1490178,-30.4897428],[-51.1490393,-30.4898168],[-51.1491063,-30.4899323],[-51.1492002,-30.4900502],[-51.149278,-30.4901704],[-51.1493343,-30.4903299],[-51.1493772,-30.4904917],[-51.1494121,-30.4905911],[-51.1495382,-30.4908337],[-51.1495945,-30.4909979],[-51.1496615,-30.4911712],[-51.1497179,-30.4912821],[-51.1497769,-30.4913792],[-51.1498198,-30.4915086],[-51.1498225,-30.4916519],[-51.1497769,-30.4917999],[-51.1496803,-30.4919755],[-51.1496696,-30.4920379],[-51.149675,-30.4921119],[-51.1497286,-30.4921951],[-51.14986,-30.4923638],[-51.1499888,-30.492558],[-51.1500371,-30.4926481],[-51.1500397,-30.4927336],[-51.1500236,-30.4928469],[-51.1500344,-30.4929208],[-51.1500853,-30.4930179],[-51.150147,-30.4930965],[-51.1502302,-30.4932467],[-51.1503106,-30.4934755],[-51.1503562,-30.4936049],[-51.1504072,-30.4937043],[-51.1504474,-30.4937552],[-51.1505467,-30.4938522],[-51.1505869,-30.493917],[-51.1506218,-30.4940048],[-51.1506245,-30.4940926],[-51.1506245,-30.4943006],[-51.1506379,-30.4943653],[-51.1506513,-30.4944069],[-51.1507237,-30.4944924],[-51.1508068,-30.4946196],[-51.1509007,-30.4948114],[-51.150941,-30.4950055],[-51.1510107,-30.4952135],[-51.1510456,-30.4953014],[-51.1510992,-30.4954516],[-51.1512843,-30.4957359],[-51.1513406,-30.4958168],[-51.1513567,-30.4959161],[-51.1513433,-30.4960132],[-51.1513513,-30.496108],[-51.1513674,-30.4961704],[-51.1514077,-30.4962536],[-51.1514854,-30.4963714],[-51.1515203,-30.4964685],[-51.1515364,-30.4965586],[-51.151582,-30.4966534],[-51.1516464,-30.4967944],[-51.1516652,-30.4968891],[-51.1516625,-30.4969746],[-51.1516437,-30.4970671],[-51.1516115,-30.4971757],[-51.1516008,-30.4972774],[-51.1516196,-30.4973883],[-51.1516544,-30.4975016],[-51.1516947,-30.4975848],[-51.1518383,-30.4977745],[-51.1520675,-30.4980539],[-51.1522821,-30.4982643],[-51.15251,-30.4984538],[-51.1526656,-30.4985485],[-51.1527863,-30.4986248],[-51.1528292,-30.4986872],[-51.1528882,-30.4988051],[-51.1529902,-30.4989114],[-51.1531055,-30.498983],[-51.1532879,-30.4990731],[-51.1535856,-30.4991771],[-51.1538699,-30.4993158],[-51.1540335,-30.4994129],[-51.1541596,-30.4994568],[-51.1544707,-30.4995284],[-51.1549294,-30.4996139],[-51.1554712,-30.4996602],[-51.1557072,-30.4996763],[-51.1558896,-30.4996694],[-51.156005,-30.4996347],[-51.1560774,-30.4995793],[-51.1562035,-30.4994244],[-51.1564127,-30.499154],[-51.156579,-30.4989183],[-51.1566862,-30.498745],[-51.1567533,-30.4985416]],[[-50.9063315,-30.4404543],[-50.9062788,-30.4403336],[-50.9060519,-30.440234],[-50.9059936,-30.4400716],[-50.9062933,-30.4400745],[-50.9063181,-30.4400132],[-50.9061156,-30.4399849],[-50.9060834,-30.440034],[-50.9060124,-30.4399947],[-50.905291,-30.4399467],[-50.9051574,-30.4400976],[-50.905201,-30.4401069],[-50.9052955,-30.4400097],[-50.9056476,-30.4402554],[-50.905665,-30.4403051],[-50.9055738,-30.4403872],[-50.9055966,-30.4404427],[-50.9056677,-30.4404555],[-50.9056985,-30.4403745],[-50.9057602,-30.4403722],[-50.9058367,-30.4403838],[-50.9059064,-30.4404763],[-50.9059829,-30.440452],[-50.9059869,-30.4403965],[-50.9061639,-30.4403341],[-50.9062631,-30.4404485],[-50.9063315,-30.4404543]]]}}]}